mode: set
github.com/luxfi/dex/pkg/log/log.go:28.36,33.2 1 1
github.com/luxfi/dex/pkg/log/log.go:36.72,46.29 4 1
github.com/luxfi/dex/pkg/log/log.go:46.29,48.3 1 1
github.com/luxfi/dex/pkg/log/log.go:49.2,51.18 2 1
github.com/luxfi/dex/pkg/log/log.go:55.62,57.2 1 1
github.com/luxfi/dex/pkg/log/log.go:60.63,62.2 1 1
github.com/luxfi/dex/pkg/log/log.go:65.62,67.2 1 1
github.com/luxfi/dex/pkg/log/log.go:70.63,72.2 1 1
github.com/luxfi/dex/pkg/log/log.go:75.63,78.2 2 0
github.com/luxfi/dex/pkg/log/log.go:81.82,89.29 5 1
github.com/luxfi/dex/pkg/log/log.go:89.29,91.3 1 1
github.com/luxfi/dex/pkg/log/log.go:94.2,95.36 2 1
github.com/luxfi/dex/pkg/log/log.go:95.36,96.22 1 1
github.com/luxfi/dex/pkg/log/log.go:96.22,98.4 1 1
github.com/luxfi/dex/pkg/log/log.go:101.2,101.85 1 1
github.com/luxfi/dex/pkg/lx/alpaca_source.go:236.62,246.2 1 1
github.com/luxfi/dex/pkg/lx/alpaca_source.go:249.71,251.44 1 1
github.com/luxfi/dex/pkg/lx/alpaca_source.go:251.44,252.40 1 1
github.com/luxfi/dex/pkg/lx/alpaca_source.go:252.40,254.4 1 1
github.com/luxfi/dex/pkg/lx/alpaca_source.go:258.2,263.16 4 0
github.com/luxfi/dex/pkg/lx/alpaca_source.go:263.16,265.3 1 0
github.com/luxfi/dex/pkg/lx/alpaca_source.go:267.2,271.16 4 0
github.com/luxfi/dex/pkg/lx/alpaca_source.go:271.16,273.3 1 0
github.com/luxfi/dex/pkg/lx/alpaca_source.go:274.2,282.67 3 0
github.com/luxfi/dex/pkg/lx/alpaca_source.go:282.67,284.3 1 0
github.com/luxfi/dex/pkg/lx/alpaca_source.go:287.2,289.32 2 0
github.com/luxfi/dex/pkg/lx/alpaca_source.go:293.83,299.12 2 1
github.com/luxfi/dex/pkg/lx/alpaca_source.go:299.12,303.22 3 1
github.com/luxfi/dex/pkg/lx/alpaca_source.go:303.22,304.35 1 1
github.com/luxfi/dex/pkg/lx/alpaca_source.go:304.35,307.12 2 1
github.com/luxfi/dex/pkg/lx/alpaca_source.go:313.7,313.7 0 1
github.com/luxfi/dex/pkg/lx/alpaca_source.go:314.13,314.13 0 1
github.com/luxfi/dex/pkg/lx/alpaca_source.go:321.2,321.21 1 1
github.com/luxfi/dex/pkg/lx/alpaca_source.go:325.80,344.2 1 1
github.com/luxfi/dex/pkg/lx/alpaca_source.go:347.112,355.16 5 1
github.com/luxfi/dex/pkg/lx/alpaca_source.go:355.16,357.3 1 0
github.com/luxfi/dex/pkg/lx/alpaca_source.go:359.2,363.16 4 1
github.com/luxfi/dex/pkg/lx/alpaca_source.go:363.16,365.3 1 1
github.com/luxfi/dex/pkg/lx/alpaca_source.go:366.2,372.67 3 0
github.com/luxfi/dex/pkg/lx/alpaca_source.go:372.67,374.3 1 0
github.com/luxfi/dex/pkg/lx/alpaca_source.go:376.2,376.25 1 0
github.com/luxfi/dex/pkg/lx/alpaca_source.go:435.54,441.2 1 1
github.com/luxfi/dex/pkg/lx/alpaca_source.go:444.96,452.2 3 1
github.com/luxfi/dex/pkg/lx/alpaca_source.go:455.77,464.38 2 1
github.com/luxfi/dex/pkg/lx/alpaca_source.go:464.38,466.41 2 1
github.com/luxfi/dex/pkg/lx/alpaca_source.go:466.41,476.31 6 1
github.com/luxfi/dex/pkg/lx/alpaca_source.go:476.31,481.5 4 1
github.com/luxfi/dex/pkg/lx/alpaca_source.go:485.2,487.22 2 1
github.com/luxfi/dex/pkg/lx/alpaca_source.go:487.22,489.3 1 0
github.com/luxfi/dex/pkg/lx/alpaca_source.go:492.2,493.31 2 1
github.com/luxfi/dex/pkg/lx/alpaca_source.go:493.31,496.3 2 1
github.com/luxfi/dex/pkg/lx/alpaca_source.go:498.2,498.39 1 1
github.com/luxfi/dex/pkg/lx/alpaca_source.go:502.84,507.13 4 1
github.com/luxfi/dex/pkg/lx/alpaca_source.go:507.13,509.3 1 0
github.com/luxfi/dex/pkg/lx/alpaca_source.go:511.2,515.33 4 1
github.com/luxfi/dex/pkg/lx/alpaca_source.go:515.33,517.3 1 0
github.com/luxfi/dex/pkg/lx/alpaca_source.go:520.2,520.34 1 1
github.com/luxfi/dex/pkg/lx/alpaca_source.go:520.34,522.3 1 1
github.com/luxfi/dex/pkg/lx/alpaca_source.go:523.2,523.34 1 1
github.com/luxfi/dex/pkg/lx/alpaca_source.go:523.34,525.3 1 1
github.com/luxfi/dex/pkg/lx/alpaca_source.go:528.2,529.36 2 1
github.com/luxfi/dex/pkg/lx/alpaca_source.go:529.36,531.3 1 1
github.com/luxfi/dex/pkg/lx/alpaca_source.go:532.2,533.33 2 1
github.com/luxfi/dex/pkg/lx/alpaca_source.go:537.74,543.41 4 1
github.com/luxfi/dex/pkg/lx/alpaca_source.go:543.41,554.3 3 1
github.com/luxfi/dex/pkg/lx/alpaca_source.go:556.2,556.14 1 1
github.com/luxfi/dex/pkg/lx/bridge.go:261.42,300.2 1 1
github.com/luxfi/dex/pkg/lx/bridge.go:311.28,316.23 3 1
github.com/luxfi/dex/pkg/lx/bridge.go:316.23,318.3 1 0
github.com/luxfi/dex/pkg/lx/bridge.go:320.2,321.13 2 1
github.com/luxfi/dex/pkg/lx/bridge.go:321.13,323.3 1 1
github.com/luxfi/dex/pkg/lx/bridge.go:325.2,325.24 1 1
github.com/luxfi/dex/pkg/lx/bridge.go:325.24,327.3 1 0
github.com/luxfi/dex/pkg/lx/bridge.go:330.2,330.45 1 1
github.com/luxfi/dex/pkg/lx/bridge.go:330.45,332.3 1 1
github.com/luxfi/dex/pkg/lx/bridge.go:334.2,334.45 1 1
github.com/luxfi/dex/pkg/lx/bridge.go:334.45,336.3 1 1
github.com/luxfi/dex/pkg/lx/bridge.go:339.2,339.63 1 1
github.com/luxfi/dex/pkg/lx/bridge.go:339.63,341.3 1 0
github.com/luxfi/dex/pkg/lx/bridge.go:344.2,345.42 2 1
github.com/luxfi/dex/pkg/lx/bridge.go:345.42,347.3 1 0
github.com/luxfi/dex/pkg/lx/bridge.go:349.2,350.40 2 1
github.com/luxfi/dex/pkg/lx/bridge.go:350.40,352.3 1 1
github.com/luxfi/dex/pkg/lx/bridge.go:355.2,356.68 2 1
github.com/luxfi/dex/pkg/lx/bridge.go:356.68,358.3 1 0
github.com/luxfi/dex/pkg/lx/bridge.go:361.2,396.22 10 1
github.com/luxfi/dex/pkg/lx/bridge.go:404.9,409.13 4 1
github.com/luxfi/dex/pkg/lx/bridge.go:409.13,411.3 1 1
github.com/luxfi/dex/pkg/lx/bridge.go:414.2,415.51 2 1
github.com/luxfi/dex/pkg/lx/bridge.go:415.51,417.3 1 0
github.com/luxfi/dex/pkg/lx/bridge.go:420.2,420.57 1 1
github.com/luxfi/dex/pkg/lx/bridge.go:420.57,422.3 1 1
github.com/luxfi/dex/pkg/lx/bridge.go:425.2,425.60 1 1
github.com/luxfi/dex/pkg/lx/bridge.go:425.60,427.3 1 0
github.com/luxfi/dex/pkg/lx/bridge.go:430.2,437.57 2 1
github.com/luxfi/dex/pkg/lx/bridge.go:437.57,440.3 2 0
github.com/luxfi/dex/pkg/lx/bridge.go:440.8,442.3 1 1
github.com/luxfi/dex/pkg/lx/bridge.go:444.2,444.12 1 1
github.com/luxfi/dex/pkg/lx/bridge.go:448.74,455.22 5 1
github.com/luxfi/dex/pkg/lx/bridge.go:455.22,457.3 1 0
github.com/luxfi/dex/pkg/lx/bridge.go:460.2,461.16 2 1
github.com/luxfi/dex/pkg/lx/bridge.go:461.16,463.3 1 0
github.com/luxfi/dex/pkg/lx/bridge.go:466.2,467.30 2 1
github.com/luxfi/dex/pkg/lx/bridge.go:467.30,469.3 1 0
github.com/luxfi/dex/pkg/lx/bridge.go:471.2,485.21 9 1
github.com/luxfi/dex/pkg/lx/bridge.go:485.21,490.3 2 0
github.com/luxfi/dex/pkg/lx/bridge.go:493.2,496.12 3 1
github.com/luxfi/dex/pkg/lx/bridge.go:500.86,513.21 8 1
github.com/luxfi/dex/pkg/lx/bridge.go:513.21,516.3 2 0
github.com/luxfi/dex/pkg/lx/bridge.go:519.2,519.27 1 1
github.com/luxfi/dex/pkg/lx/bridge.go:519.27,528.3 2 1
github.com/luxfi/dex/pkg/lx/bridge.go:530.2,530.12 1 1
github.com/luxfi/dex/pkg/lx/bridge.go:539.31,545.17 5 1
github.com/luxfi/dex/pkg/lx/bridge.go:545.17,557.3 2 1
github.com/luxfi/dex/pkg/lx/bridge.go:560.2,561.37 2 1
github.com/luxfi/dex/pkg/lx/bridge.go:561.37,563.3 1 1
github.com/luxfi/dex/pkg/lx/bridge.go:563.8,566.36 2 1
github.com/luxfi/dex/pkg/lx/bridge.go:566.36,568.4 1 1
github.com/luxfi/dex/pkg/lx/bridge.go:569.3,570.52 2 1
github.com/luxfi/dex/pkg/lx/bridge.go:574.2,575.15 2 1
github.com/luxfi/dex/pkg/lx/bridge.go:575.15,584.3 2 1
github.com/luxfi/dex/pkg/lx/bridge.go:586.2,596.16 6 1
github.com/luxfi/dex/pkg/lx/bridge.go:605.21,611.17 5 1
github.com/luxfi/dex/pkg/lx/bridge.go:611.17,613.3 1 0
github.com/luxfi/dex/pkg/lx/bridge.go:615.2,616.15 2 1
github.com/luxfi/dex/pkg/lx/bridge.go:616.15,618.3 1 0
github.com/luxfi/dex/pkg/lx/bridge.go:620.2,620.41 1 1
github.com/luxfi/dex/pkg/lx/bridge.go:620.41,622.3 1 1
github.com/luxfi/dex/pkg/lx/bridge.go:626.2,627.35 2 1
github.com/luxfi/dex/pkg/lx/bridge.go:627.35,629.3 1 1
github.com/luxfi/dex/pkg/lx/bridge.go:631.2,635.53 3 1
github.com/luxfi/dex/pkg/lx/bridge.go:635.53,637.3 1 0
github.com/luxfi/dex/pkg/lx/bridge.go:640.2,650.32 7 1
github.com/luxfi/dex/pkg/lx/bridge.go:650.32,652.3 1 0
github.com/luxfi/dex/pkg/lx/bridge.go:655.2,658.28 3 1
github.com/luxfi/dex/pkg/lx/bridge.go:667.9,673.21 4 1
github.com/luxfi/dex/pkg/lx/bridge.go:673.21,675.3 1 1
github.com/luxfi/dex/pkg/lx/bridge.go:678.2,688.12 3 1
github.com/luxfi/dex/pkg/lx/bridge.go:688.12,690.3 1 0
github.com/luxfi/dex/pkg/lx/bridge.go:692.2,699.45 4 1
github.com/luxfi/dex/pkg/lx/bridge.go:699.45,703.3 3 1
github.com/luxfi/dex/pkg/lx/bridge.go:706.2,712.12 3 1
github.com/luxfi/dex/pkg/lx/bridge.go:717.85,719.48 1 1
github.com/luxfi/dex/pkg/lx/bridge.go:719.48,722.3 2 0
github.com/luxfi/dex/pkg/lx/bridge.go:725.2,726.41 2 1
github.com/luxfi/dex/pkg/lx/bridge.go:726.41,728.3 1 0
github.com/luxfi/dex/pkg/lx/bridge.go:730.2,731.12 2 1
github.com/luxfi/dex/pkg/lx/bridge.go:734.54,739.2 3 1
github.com/luxfi/dex/pkg/lx/bridge.go:741.48,744.2 1 1
github.com/luxfi/dex/pkg/lx/bridge.go:747.73,751.2 3 0
github.com/luxfi/dex/pkg/lx/bridge.go:754.79,755.39 1 1
github.com/luxfi/dex/pkg/lx/bridge.go:755.39,756.27 1 1
github.com/luxfi/dex/pkg/lx/bridge.go:756.27,758.4 1 1
github.com/luxfi/dex/pkg/lx/bridge.go:760.2,760.12 1 0
github.com/luxfi/dex/pkg/lx/bridge.go:767.8,771.2 1 1
github.com/luxfi/dex/pkg/lx/bridge.go:773.69,778.39 3 1
github.com/luxfi/dex/pkg/lx/bridge.go:778.39,779.29 1 1
github.com/luxfi/dex/pkg/lx/bridge.go:779.29,781.4 1 1
github.com/luxfi/dex/pkg/lx/bridge.go:783.2,786.31 2 1
github.com/luxfi/dex/pkg/lx/bridge.go:786.31,788.3 1 1
github.com/luxfi/dex/pkg/lx/bridge.go:794.19,798.2 1 1
github.com/luxfi/dex/pkg/lx/bridge.go:803.17,808.30 2 1
github.com/luxfi/dex/pkg/lx/bridge.go:808.30,810.3 1 1
github.com/luxfi/dex/pkg/lx/bridge.go:811.2,812.18 2 1
github.com/luxfi/dex/pkg/lx/bridge.go:815.82,818.35 2 1
github.com/luxfi/dex/pkg/lx/bridge.go:818.35,820.3 1 0
github.com/luxfi/dex/pkg/lx/bridge.go:822.2,822.29 1 1
github.com/luxfi/dex/pkg/lx/bridge.go:822.29,824.3 1 1
github.com/luxfi/dex/pkg/lx/bridge.go:826.2,826.42 1 0
github.com/luxfi/dex/pkg/lx/bridge.go:826.42,831.3 3 0
github.com/luxfi/dex/pkg/lx/bridge.go:833.2,833.31 1 0
github.com/luxfi/dex/pkg/lx/bridge.go:836.66,840.2 3 0
github.com/luxfi/dex/pkg/lx/bridge.go:843.72,844.49 1 1
github.com/luxfi/dex/pkg/lx/bridge.go:844.49,846.3 1 1
github.com/luxfi/dex/pkg/lx/bridge.go:847.2,847.51 1 1
github.com/luxfi/dex/pkg/lx/bridge.go:847.51,849.3 1 0
github.com/luxfi/dex/pkg/lx/bridge.go:850.2,850.48 1 1
github.com/luxfi/dex/pkg/lx/bridge.go:850.48,852.3 1 0
github.com/luxfi/dex/pkg/lx/bridge.go:853.2,853.12 1 1
github.com/luxfi/dex/pkg/lx/bridge.go:859.20,863.2 1 1
github.com/luxfi/dex/pkg/lx/bridge.go:867.85,870.24 2 1
github.com/luxfi/dex/pkg/lx/bridge.go:870.24,872.3 1 1
github.com/luxfi/dex/pkg/lx/bridge.go:874.2,876.49 2 0
github.com/luxfi/dex/pkg/lx/bridge.go:876.49,878.23 2 0
github.com/luxfi/dex/pkg/lx/bridge.go:878.23,883.4 3 0
github.com/luxfi/dex/pkg/lx/bridge.go:887.66,890.41 2 1
github.com/luxfi/dex/pkg/lx/bridge.go:890.41,892.3 1 1
github.com/luxfi/dex/pkg/lx/bridge.go:893.2,893.81 1 1
github.com/luxfi/dex/pkg/lx/bridge.go:897.67,911.2 3 0
github.com/luxfi/dex/pkg/lx/chainlink_source.go:49.54,60.2 1 1
github.com/luxfi/dex/pkg/lx/chainlink_source.go:63.45,75.2 1 1
github.com/luxfi/dex/pkg/lx/chainlink_source.go:78.47,80.16 2 1
github.com/luxfi/dex/pkg/lx/chainlink_source.go:80.16,83.3 2 0
github.com/luxfi/dex/pkg/lx/chainlink_source.go:84.2,93.12 5 1
github.com/luxfi/dex/pkg/lx/chainlink_source.go:97.44,101.6 3 1
github.com/luxfi/dex/pkg/lx/chainlink_source.go:101.6,102.10 1 1
github.com/luxfi/dex/pkg/lx/chainlink_source.go:103.18,104.10 1 1
github.com/luxfi/dex/pkg/lx/chainlink_source.go:105.19,106.21 1 0
github.com/luxfi/dex/pkg/lx/chainlink_source.go:112.48,117.48 4 1
github.com/luxfi/dex/pkg/lx/chainlink_source.go:117.48,119.29 2 1
github.com/luxfi/dex/pkg/lx/chainlink_source.go:119.29,122.4 2 1
github.com/luxfi/dex/pkg/lx/chainlink_source.go:125.2,129.16 4 1
github.com/luxfi/dex/pkg/lx/chainlink_source.go:133.87,151.2 7 1
github.com/luxfi/dex/pkg/lx/chainlink_source.go:154.79,167.13 3 1
github.com/luxfi/dex/pkg/lx/chainlink_source.go:167.13,169.3 1 1
github.com/luxfi/dex/pkg/lx/chainlink_source.go:172.2,173.25 2 1
github.com/luxfi/dex/pkg/lx/chainlink_source.go:177.77,182.13 4 1
github.com/luxfi/dex/pkg/lx/chainlink_source.go:182.13,184.3 1 1
github.com/luxfi/dex/pkg/lx/chainlink_source.go:187.2,187.56 1 1
github.com/luxfi/dex/pkg/lx/chainlink_source.go:187.56,189.3 1 0
github.com/luxfi/dex/pkg/lx/chainlink_source.go:192.2,193.24 2 1
github.com/luxfi/dex/pkg/lx/chainlink_source.go:197.92,200.33 2 1
github.com/luxfi/dex/pkg/lx/chainlink_source.go:200.33,202.17 2 1
github.com/luxfi/dex/pkg/lx/chainlink_source.go:202.17,204.4 1 1
github.com/luxfi/dex/pkg/lx/chainlink_source.go:207.2,207.22 1 1
github.com/luxfi/dex/pkg/lx/chainlink_source.go:207.22,209.3 1 0
github.com/luxfi/dex/pkg/lx/chainlink_source.go:211.2,211.20 1 1
github.com/luxfi/dex/pkg/lx/chainlink_source.go:215.64,218.2 1 1
github.com/luxfi/dex/pkg/lx/chainlink_source.go:221.66,223.2 1 1
github.com/luxfi/dex/pkg/lx/chainlink_source.go:226.50,230.17 3 1
github.com/luxfi/dex/pkg/lx/chainlink_source.go:230.17,232.3 1 0
github.com/luxfi/dex/pkg/lx/chainlink_source.go:235.2,235.46 1 1
github.com/luxfi/dex/pkg/lx/chainlink_source.go:235.46,237.3 1 0
github.com/luxfi/dex/pkg/lx/chainlink_source.go:240.2,240.39 1 1
github.com/luxfi/dex/pkg/lx/chainlink_source.go:240.39,242.3 1 0
github.com/luxfi/dex/pkg/lx/chainlink_source.go:244.2,244.13 1 1
github.com/luxfi/dex/pkg/lx/chainlink_source.go:248.50,250.2 1 1
github.com/luxfi/dex/pkg/lx/chainlink_source.go:253.53,255.2 1 1
github.com/luxfi/dex/pkg/lx/chainlink_source.go:258.47,266.2 5 1
github.com/luxfi/dex/pkg/lx/chainlink_source.go:269.101,280.2 1 1
github.com/luxfi/dex/pkg/lx/clearinghouse.go:143.90,173.2 6 1
github.com/luxfi/dex/pkg/lx/clearinghouse.go:177.52,192.31 3 1
github.com/luxfi/dex/pkg/lx/clearinghouse.go:192.31,201.43 2 1
github.com/luxfi/dex/pkg/lx/clearinghouse.go:201.43,208.4 2 1
github.com/luxfi/dex/pkg/lx/clearinghouse.go:210.3,210.29 1 1
github.com/luxfi/dex/pkg/lx/clearinghouse.go:215.73,219.24 3 1
github.com/luxfi/dex/pkg/lx/clearinghouse.go:219.24,221.3 1 0
github.com/luxfi/dex/pkg/lx/clearinghouse.go:223.2,234.12 7 1
github.com/luxfi/dex/pkg/lx/clearinghouse.go:238.139,247.21 5 1
github.com/luxfi/dex/pkg/lx/clearinghouse.go:247.21,248.49 1 0
github.com/luxfi/dex/pkg/lx/clearinghouse.go:248.49,250.4 1 0
github.com/luxfi/dex/pkg/lx/clearinghouse.go:251.8,252.52 1 1
github.com/luxfi/dex/pkg/lx/clearinghouse.go:252.52,254.4 1 0
github.com/luxfi/dex/pkg/lx/clearinghouse.go:258.2,268.11 5 1
github.com/luxfi/dex/pkg/lx/clearinghouse.go:268.11,270.3 1 1
github.com/luxfi/dex/pkg/lx/clearinghouse.go:272.2,275.22 3 1
github.com/luxfi/dex/pkg/lx/clearinghouse.go:279.103,287.42 5 1
github.com/luxfi/dex/pkg/lx/clearinghouse.go:287.42,289.3 1 1
github.com/luxfi/dex/pkg/lx/clearinghouse.go:292.2,295.38 2 1
github.com/luxfi/dex/pkg/lx/clearinghouse.go:295.38,297.3 1 0
github.com/luxfi/dex/pkg/lx/clearinghouse.go:299.2,300.13 2 1
github.com/luxfi/dex/pkg/lx/clearinghouse.go:300.13,307.3 2 1
github.com/luxfi/dex/pkg/lx/clearinghouse.go:309.2,316.12 5 1
github.com/luxfi/dex/pkg/lx/clearinghouse.go:320.43,323.38 3 1
github.com/luxfi/dex/pkg/lx/clearinghouse.go:323.38,325.3 1 0
github.com/luxfi/dex/pkg/lx/clearinghouse.go:326.2,328.33 2 1
github.com/luxfi/dex/pkg/lx/clearinghouse.go:328.33,330.3 1 0
github.com/luxfi/dex/pkg/lx/clearinghouse.go:334.65,340.42 5 1
github.com/luxfi/dex/pkg/lx/clearinghouse.go:340.42,342.3 1 1
github.com/luxfi/dex/pkg/lx/clearinghouse.go:343.2,346.35 2 1
github.com/luxfi/dex/pkg/lx/clearinghouse.go:346.35,350.65 2 1
github.com/luxfi/dex/pkg/lx/clearinghouse.go:350.65,353.25 2 1
github.com/luxfi/dex/pkg/lx/clearinghouse.go:353.25,355.5 1 1
github.com/luxfi/dex/pkg/lx/clearinghouse.go:357.4,361.5 2 1
github.com/luxfi/dex/pkg/lx/clearinghouse.go:365.3,365.90 1 1
github.com/luxfi/dex/pkg/lx/clearinghouse.go:365.90,368.25 2 0
github.com/luxfi/dex/pkg/lx/clearinghouse.go:368.25,370.5 1 0
github.com/luxfi/dex/pkg/lx/clearinghouse.go:373.4,376.5 1 0
github.com/luxfi/dex/pkg/lx/clearinghouse.go:379.3,379.22 1 1
github.com/luxfi/dex/pkg/lx/clearinghouse.go:384.94,387.47 2 1
github.com/luxfi/dex/pkg/lx/clearinghouse.go:387.47,389.3 1 1
github.com/luxfi/dex/pkg/lx/clearinghouse.go:391.2,393.13 3 1
github.com/luxfi/dex/pkg/lx/clearinghouse.go:393.13,402.3 2 0
github.com/luxfi/dex/pkg/lx/clearinghouse.go:403.2,412.50 6 1
github.com/luxfi/dex/pkg/lx/clearinghouse.go:412.50,413.16 1 1
github.com/luxfi/dex/pkg/lx/clearinghouse.go:413.16,419.42 3 1
github.com/luxfi/dex/pkg/lx/clearinghouse.go:419.42,425.5 1 1
github.com/luxfi/dex/pkg/lx/clearinghouse.go:426.4,427.55 2 1
github.com/luxfi/dex/pkg/lx/clearinghouse.go:431.2,431.21 1 1
github.com/luxfi/dex/pkg/lx/clearinghouse.go:431.21,438.3 4 1
github.com/luxfi/dex/pkg/lx/clearinghouse.go:443.79,444.57 1 1
github.com/luxfi/dex/pkg/lx/clearinghouse.go:444.57,446.3 1 1
github.com/luxfi/dex/pkg/lx/clearinghouse.go:448.2,467.16 4 1
github.com/luxfi/dex/pkg/lx/clearinghouse.go:470.71,475.13 4 1
github.com/luxfi/dex/pkg/lx/clearinghouse.go:475.13,480.3 4 1
github.com/luxfi/dex/pkg/lx/clearinghouse.go:482.2,482.13 1 1
github.com/luxfi/dex/pkg/lx/clearinghouse.go:485.106,496.2 5 1
github.com/luxfi/dex/pkg/lx/clearinghouse.go:498.103,502.2 1 0
github.com/luxfi/dex/pkg/lx/clearinghouse.go:504.149,508.13 3 1
github.com/luxfi/dex/pkg/lx/clearinghouse.go:508.13,517.3 3 1
github.com/luxfi/dex/pkg/lx/clearinghouse.go:520.2,520.17 1 1
github.com/luxfi/dex/pkg/lx/clearinghouse.go:520.17,521.24 1 1
github.com/luxfi/dex/pkg/lx/clearinghouse.go:521.24,527.4 4 0
github.com/luxfi/dex/pkg/lx/clearinghouse.go:528.3,528.15 1 1
github.com/luxfi/dex/pkg/lx/clearinghouse.go:528.15,533.4 3 1
github.com/luxfi/dex/pkg/lx/clearinghouse.go:534.8,535.24 1 1
github.com/luxfi/dex/pkg/lx/clearinghouse.go:535.24,541.4 4 0
github.com/luxfi/dex/pkg/lx/clearinghouse.go:542.3,542.15 1 1
github.com/luxfi/dex/pkg/lx/clearinghouse.go:542.15,547.4 3 1
github.com/luxfi/dex/pkg/lx/clearinghouse.go:550.2,554.23 3 1
github.com/luxfi/dex/pkg/lx/clearinghouse.go:554.23,556.3 1 1
github.com/luxfi/dex/pkg/lx/clearinghouse.go:556.8,556.30 1 1
github.com/luxfi/dex/pkg/lx/clearinghouse.go:556.30,558.3 1 1
github.com/luxfi/dex/pkg/lx/clearinghouse.go:558.8,560.3 1 0
github.com/luxfi/dex/pkg/lx/clearinghouse.go:562.2,562.24 1 1
github.com/luxfi/dex/pkg/lx/clearinghouse.go:565.110,571.47 4 1
github.com/luxfi/dex/pkg/lx/clearinghouse.go:571.47,576.3 4 1
github.com/luxfi/dex/pkg/lx/clearinghouse.go:578.2,581.24 2 1
github.com/luxfi/dex/pkg/lx/clearinghouse.go:581.24,584.24 1 1
github.com/luxfi/dex/pkg/lx/clearinghouse.go:584.24,586.4 1 1
github.com/luxfi/dex/pkg/lx/clearinghouse.go:586.9,588.4 1 1
github.com/luxfi/dex/pkg/lx/clearinghouse.go:589.3,589.63 1 1
github.com/luxfi/dex/pkg/lx/clearinghouse.go:593.74,598.50 2 1
github.com/luxfi/dex/pkg/lx/clearinghouse.go:598.50,601.3 2 1
github.com/luxfi/dex/pkg/lx/clearinghouse.go:603.2,609.35 3 1
github.com/luxfi/dex/pkg/lx/clearinghouse.go:609.35,611.3 1 1
github.com/luxfi/dex/pkg/lx/clearinghouse.go:611.8,613.3 1 1
github.com/luxfi/dex/pkg/lx/clearinghouse.go:616.62,619.48 2 1
github.com/luxfi/dex/pkg/lx/clearinghouse.go:619.48,621.3 1 1
github.com/luxfi/dex/pkg/lx/clearinghouse.go:623.2,627.29 4 1
github.com/luxfi/dex/pkg/lx/clearinghouse.go:627.29,631.16 4 1
github.com/luxfi/dex/pkg/lx/clearinghouse.go:631.16,633.4 1 1
github.com/luxfi/dex/pkg/lx/clearinghouse.go:637.2,637.14 1 1
github.com/luxfi/dex/pkg/lx/clearinghouse.go:640.76,641.42 1 1
github.com/luxfi/dex/pkg/lx/clearinghouse.go:641.42,642.43 1 0
github.com/luxfi/dex/pkg/lx/clearinghouse.go:642.43,644.4 1 0
github.com/luxfi/dex/pkg/lx/clearinghouse.go:646.2,646.12 1 1
github.com/luxfi/dex/pkg/lx/clearinghouse.go:649.65,653.2 1 1
github.com/luxfi/dex/pkg/lx/clearinghouse.go:655.51,661.2 3 1
github.com/luxfi/dex/pkg/lx/clearinghouse.go:664.75,665.22 1 1
github.com/luxfi/dex/pkg/lx/clearinghouse.go:665.22,667.3 1 0
github.com/luxfi/dex/pkg/lx/clearinghouse.go:670.2,676.24 3 1
github.com/luxfi/dex/pkg/lx/clearinghouse.go:676.24,678.3 1 1
github.com/luxfi/dex/pkg/lx/clearinghouse.go:681.2,681.34 1 1
github.com/luxfi/dex/pkg/lx/clearinghouse.go:681.34,682.39 1 1
github.com/luxfi/dex/pkg/lx/clearinghouse.go:682.39,683.39 1 1
github.com/luxfi/dex/pkg/lx/clearinghouse.go:683.39,685.5 1 0
github.com/luxfi/dex/pkg/lx/clearinghouse.go:690.2,691.26 2 1
github.com/luxfi/dex/pkg/lx/clearinghouse.go:691.26,693.3 1 1
github.com/luxfi/dex/pkg/lx/clearinghouse.go:695.2,698.26 3 1
github.com/luxfi/dex/pkg/lx/clearinghouse.go:698.26,700.30 2 1
github.com/luxfi/dex/pkg/lx/clearinghouse.go:700.30,702.4 1 1
github.com/luxfi/dex/pkg/lx/clearinghouse.go:705.2,705.34 1 0
github.com/luxfi/dex/pkg/lx/clearinghouse.go:709.73,715.42 4 1
github.com/luxfi/dex/pkg/lx/clearinghouse.go:715.42,719.77 2 1
github.com/luxfi/dex/pkg/lx/clearinghouse.go:719.77,721.4 1 1
github.com/luxfi/dex/pkg/lx/clearinghouse.go:724.3,724.90 1 1
github.com/luxfi/dex/pkg/lx/clearinghouse.go:724.90,733.4 1 0
github.com/luxfi/dex/pkg/lx/clearinghouse.go:735.3,735.23 1 1
github.com/luxfi/dex/pkg/lx/clearinghouse.go:738.2,738.18 1 1
github.com/luxfi/dex/pkg/lx/clearinghouse.go:742.94,754.59 7 1
github.com/luxfi/dex/pkg/lx/clearinghouse.go:754.59,756.3 1 1
github.com/luxfi/dex/pkg/lx/clearinghouse.go:759.2,762.66 2 1
github.com/luxfi/dex/pkg/lx/clearinghouse.go:762.66,764.3 1 0
github.com/luxfi/dex/pkg/lx/clearinghouse.go:768.72,769.27 1 1
github.com/luxfi/dex/pkg/lx/clearinghouse.go:769.27,771.3 1 0
github.com/luxfi/dex/pkg/lx/clearinghouse.go:773.2,773.30 1 1
github.com/luxfi/dex/pkg/lx/clearinghouse.go:780.64,781.29 1 1
github.com/luxfi/dex/pkg/lx/clearinghouse.go:781.29,783.18 2 1
github.com/luxfi/dex/pkg/lx/clearinghouse.go:783.18,785.4 1 0
github.com/luxfi/dex/pkg/lx/clearinghouse.go:789.2,789.53 1 1
github.com/luxfi/dex/pkg/lx/clearinghouse.go:789.53,791.3 1 0
github.com/luxfi/dex/pkg/lx/clearinghouse.go:793.2,793.10 1 1
github.com/luxfi/dex/pkg/lx/clearinghouse.go:797.73,798.29 1 1
github.com/luxfi/dex/pkg/lx/clearinghouse.go:798.29,800.18 2 1
github.com/luxfi/dex/pkg/lx/clearinghouse.go:800.18,802.4 1 0
github.com/luxfi/dex/pkg/lx/clearinghouse.go:805.2,805.10 1 1
github.com/luxfi/dex/pkg/lx/clearinghouse.go:809.57,810.29 1 1
github.com/luxfi/dex/pkg/lx/clearinghouse.go:810.29,812.3 1 1
github.com/luxfi/dex/pkg/lx/clearinghouse.go:815.2,821.34 4 0
github.com/luxfi/dex/pkg/lx/clearinghouse.go:821.34,822.16 1 0
github.com/luxfi/dex/pkg/lx/clearinghouse.go:822.16,824.4 1 0
github.com/luxfi/dex/pkg/lx/clearinghouse.go:828.2,829.91 2 0
github.com/luxfi/dex/pkg/lx/clearinghouse.go:833.50,842.2 1 1
github.com/luxfi/dex/pkg/lx/clearinghouse.go:844.46,853.2 1 1
github.com/luxfi/dex/pkg/lx/clearinghouse.go:855.44,864.2 1 1
github.com/luxfi/dex/pkg/lx/fpga_accelerator.go:163.44,171.19 3 1
github.com/luxfi/dex/pkg/lx/fpga_accelerator.go:171.19,175.3 3 0
github.com/luxfi/dex/pkg/lx/fpga_accelerator.go:177.2,177.14 1 1
github.com/luxfi/dex/pkg/lx/fpga_accelerator.go:181.45,201.2 2 1
github.com/luxfi/dex/pkg/lx/fpga_accelerator.go:204.77,205.17 1 1
github.com/luxfi/dex/pkg/lx/fpga_accelerator.go:205.17,207.3 1 1
github.com/luxfi/dex/pkg/lx/fpga_accelerator.go:210.2,214.53 3 0
github.com/luxfi/dex/pkg/lx/fpga_accelerator.go:214.53,216.3 1 0
github.com/luxfi/dex/pkg/lx/fpga_accelerator.go:219.2,220.16 2 0
github.com/luxfi/dex/pkg/lx/fpga_accelerator.go:220.16,222.3 1 0
github.com/luxfi/dex/pkg/lx/fpga_accelerator.go:225.2,225.32 1 0
github.com/luxfi/dex/pkg/lx/fpga_accelerator.go:229.87,230.17 1 1
github.com/luxfi/dex/pkg/lx/fpga_accelerator.go:230.17,232.3 1 1
github.com/luxfi/dex/pkg/lx/fpga_accelerator.go:234.2,237.31 2 0
github.com/luxfi/dex/pkg/lx/fpga_accelerator.go:237.31,239.17 2 0
github.com/luxfi/dex/pkg/lx/fpga_accelerator.go:239.17,241.4 1 0
github.com/luxfi/dex/pkg/lx/fpga_accelerator.go:242.3,242.22 1 0
github.com/luxfi/dex/pkg/lx/fpga_accelerator.go:246.2,248.21 2 0
github.com/luxfi/dex/pkg/lx/fpga_accelerator.go:252.85,253.17 1 1
github.com/luxfi/dex/pkg/lx/fpga_accelerator.go:253.17,255.3 1 1
github.com/luxfi/dex/pkg/lx/fpga_accelerator.go:257.2,263.36 3 0
github.com/luxfi/dex/pkg/lx/fpga_accelerator.go:263.36,266.3 2 0
github.com/luxfi/dex/pkg/lx/fpga_accelerator.go:269.2,280.36 6 0
github.com/luxfi/dex/pkg/lx/fpga_accelerator.go:285.50,313.2 4 1
github.com/luxfi/dex/pkg/lx/fpga_accelerator.go:315.52,327.2 2 1
github.com/luxfi/dex/pkg/lx/fpga_accelerator.go:329.47,331.25 1 1
github.com/luxfi/dex/pkg/lx/fpga_accelerator.go:331.25,339.3 3 1
github.com/luxfi/dex/pkg/lx/fpga_accelerator.go:342.59,346.2 1 1
github.com/luxfi/dex/pkg/lx/fpga_accelerator.go:348.76,352.2 1 1
github.com/luxfi/dex/pkg/lx/fpga_accelerator.go:354.76,358.2 1 1
github.com/luxfi/dex/pkg/lx/fpga_accelerator.go:360.61,368.2 5 1
github.com/luxfi/dex/pkg/lx/fpga_accelerator.go:370.76,377.2 1 1
github.com/luxfi/dex/pkg/lx/fpga_accelerator.go:379.68,382.2 1 1
github.com/luxfi/dex/pkg/lx/fpga_accelerator.go:384.53,388.2 1 1
github.com/luxfi/dex/pkg/lx/fpga_accelerator.go:391.53,401.2 1 1
github.com/luxfi/dex/pkg/lx/fpga_accelerator.go:425.40,426.12 1 1
github.com/luxfi/dex/pkg/lx/fpga_accelerator.go:427.24,428.25 1 0
github.com/luxfi/dex/pkg/lx/fpga_accelerator.go:429.25,430.26 1 0
github.com/luxfi/dex/pkg/lx/fpga_accelerator.go:431.25,432.26 1 0
github.com/luxfi/dex/pkg/lx/fpga_accelerator.go:433.28,434.34 1 0
github.com/luxfi/dex/pkg/lx/fpga_accelerator.go:435.28,436.34 1 0
github.com/luxfi/dex/pkg/lx/fpga_accelerator.go:437.28,438.37 1 0
github.com/luxfi/dex/pkg/lx/fpga_accelerator.go:439.26,440.37 1 0
github.com/luxfi/dex/pkg/lx/fpga_accelerator.go:441.27,442.38 1 0
github.com/luxfi/dex/pkg/lx/fpga_accelerator.go:443.29,444.26 1 0
github.com/luxfi/dex/pkg/lx/fpga_accelerator.go:445.10,446.16 1 1
github.com/luxfi/dex/pkg/lx/fpga_accelerator.go:465.59,468.2 1 0
github.com/luxfi/dex/pkg/lx/fpga_accelerator.go:470.55,474.2 2 0
github.com/luxfi/dex/pkg/lx/fpga_accelerator.go:476.63,479.2 1 0
github.com/luxfi/dex/pkg/lx/fpga_accelerator.go:481.62,484.2 1 0
github.com/luxfi/dex/pkg/lx/funding.go:97.91,98.19 1 1
github.com/luxfi/dex/pkg/lx/funding.go:98.19,100.3 1 0
github.com/luxfi/dex/pkg/lx/funding.go:102.2,121.11 4 1
github.com/luxfi/dex/pkg/lx/funding.go:125.44,138.2 1 1
github.com/luxfi/dex/pkg/lx/funding.go:141.34,143.16 2 1
github.com/luxfi/dex/pkg/lx/funding.go:143.16,146.3 2 0
github.com/luxfi/dex/pkg/lx/funding.go:147.2,150.25 3 1
github.com/luxfi/dex/pkg/lx/funding.go:154.33,158.17 3 1
github.com/luxfi/dex/pkg/lx/funding.go:158.17,161.3 2 1
github.com/luxfi/dex/pkg/lx/funding.go:165.43,169.6 3 1
github.com/luxfi/dex/pkg/lx/funding.go:169.6,170.10 1 1
github.com/luxfi/dex/pkg/lx/funding.go:171.20,172.10 1 1
github.com/luxfi/dex/pkg/lx/funding.go:173.19,177.49 2 0
github.com/luxfi/dex/pkg/lx/funding.go:177.49,179.15 2 0
github.com/luxfi/dex/pkg/lx/funding.go:179.15,180.19 1 0
github.com/luxfi/dex/pkg/lx/funding.go:180.19,180.46 1 0
github.com/luxfi/dex/pkg/lx/funding.go:181.6,181.28 1 0
github.com/luxfi/dex/pkg/lx/funding.go:186.4,186.29 1 0
github.com/luxfi/dex/pkg/lx/funding.go:192.44,196.6 3 1
github.com/luxfi/dex/pkg/lx/funding.go:196.6,197.10 1 1
github.com/luxfi/dex/pkg/lx/funding.go:198.20,199.10 1 1
github.com/luxfi/dex/pkg/lx/funding.go:200.19,201.21 1 0
github.com/luxfi/dex/pkg/lx/funding.go:207.70,215.33 5 1
github.com/luxfi/dex/pkg/lx/funding.go:215.33,226.3 5 1
github.com/luxfi/dex/pkg/lx/funding.go:229.2,229.48 1 1
github.com/luxfi/dex/pkg/lx/funding.go:229.48,230.42 1 1
github.com/luxfi/dex/pkg/lx/funding.go:230.42,232.4 1 0
github.com/luxfi/dex/pkg/lx/funding.go:236.2,239.12 3 1
github.com/luxfi/dex/pkg/lx/funding.go:243.75,257.28 6 1
github.com/luxfi/dex/pkg/lx/funding.go:257.28,259.3 1 1
github.com/luxfi/dex/pkg/lx/funding.go:262.2,276.3 2 1
github.com/luxfi/dex/pkg/lx/funding.go:280.104,286.37 3 1
github.com/luxfi/dex/pkg/lx/funding.go:286.37,287.25 1 0
github.com/luxfi/dex/pkg/lx/funding.go:287.25,288.12 1 0
github.com/luxfi/dex/pkg/lx/funding.go:294.3,297.24 3 0
github.com/luxfi/dex/pkg/lx/funding.go:297.24,300.4 1 0
github.com/luxfi/dex/pkg/lx/funding.go:303.3,303.36 1 0
github.com/luxfi/dex/pkg/lx/funding.go:306.2,306.17 1 1
github.com/luxfi/dex/pkg/lx/funding.go:310.94,313.2 1 1
github.com/luxfi/dex/pkg/lx/funding.go:316.41,319.33 2 1
github.com/luxfi/dex/pkg/lx/funding.go:319.33,331.3 6 1
github.com/luxfi/dex/pkg/lx/funding.go:335.77,336.20 1 1
github.com/luxfi/dex/pkg/lx/funding.go:336.20,338.3 1 1
github.com/luxfi/dex/pkg/lx/funding.go:340.2,354.78 7 1
github.com/luxfi/dex/pkg/lx/funding.go:354.78,356.3 1 0
github.com/luxfi/dex/pkg/lx/funding.go:357.2,361.26 3 1
github.com/luxfi/dex/pkg/lx/funding.go:365.71,366.23 1 1
github.com/luxfi/dex/pkg/lx/funding.go:366.23,368.3 1 1
github.com/luxfi/dex/pkg/lx/funding.go:370.2,370.23 1 1
github.com/luxfi/dex/pkg/lx/funding.go:370.23,372.3 1 1
github.com/luxfi/dex/pkg/lx/funding.go:374.2,374.29 1 1
github.com/luxfi/dex/pkg/lx/funding.go:374.29,376.3 1 0
github.com/luxfi/dex/pkg/lx/funding.go:379.2,382.38 3 1
github.com/luxfi/dex/pkg/lx/funding.go:382.38,388.3 4 1
github.com/luxfi/dex/pkg/lx/funding.go:391.2,391.22 1 1
github.com/luxfi/dex/pkg/lx/funding.go:391.22,394.68 3 1
github.com/luxfi/dex/pkg/lx/funding.go:394.68,397.4 2 1
github.com/luxfi/dex/pkg/lx/funding.go:400.2,400.22 1 1
github.com/luxfi/dex/pkg/lx/funding.go:400.22,402.3 1 0
github.com/luxfi/dex/pkg/lx/funding.go:404.2,404.34 1 1
github.com/luxfi/dex/pkg/lx/funding.go:408.77,410.28 2 1
github.com/luxfi/dex/pkg/lx/funding.go:410.28,412.3 1 1
github.com/luxfi/dex/pkg/lx/funding.go:415.2,415.35 1 1
github.com/luxfi/dex/pkg/lx/funding.go:415.35,416.40 1 1
github.com/luxfi/dex/pkg/lx/funding.go:416.40,417.29 1 1
github.com/luxfi/dex/pkg/lx/funding.go:417.29,419.5 1 1
github.com/luxfi/dex/pkg/lx/funding.go:424.2,425.14 2 1
github.com/luxfi/dex/pkg/lx/funding.go:425.14,427.3 1 1
github.com/luxfi/dex/pkg/lx/funding.go:428.2,428.20 1 1
github.com/luxfi/dex/pkg/lx/funding.go:432.49,435.33 2 1
github.com/luxfi/dex/pkg/lx/funding.go:435.33,440.22 3 1
github.com/luxfi/dex/pkg/lx/funding.go:440.22,441.12 1 1
github.com/luxfi/dex/pkg/lx/funding.go:444.3,448.56 3 0
github.com/luxfi/dex/pkg/lx/funding.go:448.56,450.4 1 0
github.com/luxfi/dex/pkg/lx/funding.go:453.3,466.4 4 0
github.com/luxfi/dex/pkg/lx/funding.go:472.54,479.44 4 1
github.com/luxfi/dex/pkg/lx/funding.go:479.44,480.16 1 1
github.com/luxfi/dex/pkg/lx/funding.go:480.16,482.9 2 0
github.com/luxfi/dex/pkg/lx/funding.go:487.2,487.84 1 1
github.com/luxfi/dex/pkg/lx/funding.go:487.84,490.3 2 1
github.com/luxfi/dex/pkg/lx/funding.go:492.2,493.66 2 1
github.com/luxfi/dex/pkg/lx/funding.go:496.51,499.33 2 1
github.com/luxfi/dex/pkg/lx/funding.go:499.33,517.3 3 1
github.com/luxfi/dex/pkg/lx/funding.go:520.58,521.46 1 1
github.com/luxfi/dex/pkg/lx/funding.go:521.46,522.42 1 1
github.com/luxfi/dex/pkg/lx/funding.go:522.42,524.4 1 1
github.com/luxfi/dex/pkg/lx/funding.go:526.2,526.14 1 1
github.com/luxfi/dex/pkg/lx/funding.go:529.71,533.46 2 1
github.com/luxfi/dex/pkg/lx/funding.go:533.46,535.28 2 1
github.com/luxfi/dex/pkg/lx/funding.go:535.28,537.4 1 1
github.com/luxfi/dex/pkg/lx/funding.go:541.2,542.115 2 1
github.com/luxfi/dex/pkg/lx/funding.go:545.54,548.2 1 1
github.com/luxfi/dex/pkg/lx/funding.go:550.61,551.57 1 1
github.com/luxfi/dex/pkg/lx/funding.go:551.57,553.3 1 1
github.com/luxfi/dex/pkg/lx/funding.go:554.2,554.10 1 1
github.com/luxfi/dex/pkg/lx/funding.go:557.62,558.58 1 1
github.com/luxfi/dex/pkg/lx/funding.go:558.58,560.3 1 1
github.com/luxfi/dex/pkg/lx/funding.go:561.2,561.10 1 1
github.com/luxfi/dex/pkg/lx/funding.go:564.63,566.64 1 1
github.com/luxfi/dex/pkg/lx/funding.go:566.64,568.3 1 0
github.com/luxfi/dex/pkg/lx/funding.go:569.2,569.10 1 1
github.com/luxfi/dex/pkg/lx/funding.go:572.58,573.37 1 1
github.com/luxfi/dex/pkg/lx/funding.go:573.37,575.3 1 1
github.com/luxfi/dex/pkg/lx/funding.go:576.2,576.37 1 1
github.com/luxfi/dex/pkg/lx/funding.go:576.37,578.3 1 1
github.com/luxfi/dex/pkg/lx/funding.go:579.2,579.13 1 1
github.com/luxfi/dex/pkg/lx/funding.go:582.73,583.54 1 1
github.com/luxfi/dex/pkg/lx/funding.go:583.54,585.3 1 1
github.com/luxfi/dex/pkg/lx/funding.go:587.2,591.50 3 1
github.com/luxfi/dex/pkg/lx/funding.go:591.50,593.3 1 0
github.com/luxfi/dex/pkg/lx/funding.go:602.72,608.32 3 1
github.com/luxfi/dex/pkg/lx/funding.go:608.32,612.19 3 0
github.com/luxfi/dex/pkg/lx/funding.go:612.19,614.4 1 0
github.com/luxfi/dex/pkg/lx/funding.go:614.9,616.4 1 0
github.com/luxfi/dex/pkg/lx/funding.go:619.2,619.14 1 1
github.com/luxfi/dex/pkg/lx/funding.go:623.76,627.53 3 1
github.com/luxfi/dex/pkg/lx/funding.go:627.53,629.3 1 0
github.com/luxfi/dex/pkg/lx/funding.go:630.2,630.12 1 1
github.com/luxfi/dex/pkg/lx/funding.go:634.78,638.50 3 1
github.com/luxfi/dex/pkg/lx/funding.go:638.50,640.3 1 0
github.com/luxfi/dex/pkg/lx/funding.go:641.2,641.12 1 1
github.com/luxfi/dex/pkg/lx/funding.go:645.85,650.13 4 0
github.com/luxfi/dex/pkg/lx/funding.go:650.13,652.3 1 0
github.com/luxfi/dex/pkg/lx/funding.go:654.2,654.40 1 0
github.com/luxfi/dex/pkg/lx/funding.go:654.40,656.3 1 0
github.com/luxfi/dex/pkg/lx/funding.go:659.2,659.37 1 0
github.com/luxfi/dex/pkg/lx/funding.go:663.57,668.2 3 1
github.com/luxfi/dex/pkg/lx/funding.go:671.62,673.2 1 1
github.com/luxfi/dex/pkg/lx/lending_pool.go:124.36,139.2 1 1
github.com/luxfi/dex/pkg/lx/lending_pool.go:142.74,146.42 3 1
github.com/luxfi/dex/pkg/lx/lending_pool.go:146.42,148.3 1 0
github.com/luxfi/dex/pkg/lx/lending_pool.go:150.2,176.12 7 1
github.com/luxfi/dex/pkg/lx/lending_pool.go:180.76,185.13 4 1
github.com/luxfi/dex/pkg/lx/lending_pool.go:185.13,187.3 1 0
github.com/luxfi/dex/pkg/lx/lending_pool.go:189.2,189.17 1 1
github.com/luxfi/dex/pkg/lx/lending_pool.go:189.17,191.3 1 0
github.com/luxfi/dex/pkg/lx/lending_pool.go:194.2,198.13 3 1
github.com/luxfi/dex/pkg/lx/lending_pool.go:198.13,209.3 2 1
github.com/luxfi/dex/pkg/lx/lending_pool.go:212.2,213.46 2 1
github.com/luxfi/dex/pkg/lx/lending_pool.go:213.46,215.3 1 1
github.com/luxfi/dex/pkg/lx/lending_pool.go:215.8,220.3 3 0
github.com/luxfi/dex/pkg/lx/lending_pool.go:223.2,224.13 2 1
github.com/luxfi/dex/pkg/lx/lending_pool.go:224.13,234.3 2 1
github.com/luxfi/dex/pkg/lx/lending_pool.go:237.2,254.12 11 1
github.com/luxfi/dex/pkg/lx/lending_pool.go:258.78,263.13 4 0
github.com/luxfi/dex/pkg/lx/lending_pool.go:263.13,265.3 1 0
github.com/luxfi/dex/pkg/lx/lending_pool.go:267.2,268.13 2 0
github.com/luxfi/dex/pkg/lx/lending_pool.go:268.13,270.3 1 0
github.com/luxfi/dex/pkg/lx/lending_pool.go:272.2,273.13 2 0
github.com/luxfi/dex/pkg/lx/lending_pool.go:273.13,275.3 1 0
github.com/luxfi/dex/pkg/lx/lending_pool.go:278.2,279.40 2 0
github.com/luxfi/dex/pkg/lx/lending_pool.go:279.40,281.3 1 0
github.com/luxfi/dex/pkg/lx/lending_pool.go:284.2,284.37 1 0
github.com/luxfi/dex/pkg/lx/lending_pool.go:284.37,286.3 1 0
github.com/luxfi/dex/pkg/lx/lending_pool.go:289.2,303.45 9 0
github.com/luxfi/dex/pkg/lx/lending_pool.go:303.45,306.3 2 0
github.com/luxfi/dex/pkg/lx/lending_pool.go:309.2,319.12 6 0
github.com/luxfi/dex/pkg/lx/lending_pool.go:323.68,326.13 2 1
github.com/luxfi/dex/pkg/lx/lending_pool.go:326.13,328.3 1 0
github.com/luxfi/dex/pkg/lx/lending_pool.go:330.2,335.31 4 1
github.com/luxfi/dex/pkg/lx/lending_pool.go:335.31,337.3 1 1
github.com/luxfi/dex/pkg/lx/lending_pool.go:340.2,347.12 5 1
github.com/luxfi/dex/pkg/lx/lending_pool.go:351.80,353.13 2 1
github.com/luxfi/dex/pkg/lx/lending_pool.go:353.13,355.3 1 0
github.com/luxfi/dex/pkg/lx/lending_pool.go:357.2,380.12 14 1
github.com/luxfi/dex/pkg/lx/lending_pool.go:384.60,389.13 4 1
github.com/luxfi/dex/pkg/lx/lending_pool.go:389.13,391.3 1 1
github.com/luxfi/dex/pkg/lx/lending_pool.go:393.2,393.61 1 1
github.com/luxfi/dex/pkg/lx/lending_pool.go:397.60,402.13 4 1
github.com/luxfi/dex/pkg/lx/lending_pool.go:402.13,404.3 1 1
github.com/luxfi/dex/pkg/lx/lending_pool.go:406.2,406.24 1 1
github.com/luxfi/dex/pkg/lx/lending_pool.go:410.60,415.13 4 1
github.com/luxfi/dex/pkg/lx/lending_pool.go:415.13,417.3 1 0
github.com/luxfi/dex/pkg/lx/lending_pool.go:419.2,419.24 1 1
github.com/luxfi/dex/pkg/lx/lending_pool.go:423.63,424.46 1 1
github.com/luxfi/dex/pkg/lx/lending_pool.go:424.46,427.3 2 0
github.com/luxfi/dex/pkg/lx/lending_pool.go:429.2,434.56 5 1
github.com/luxfi/dex/pkg/lx/lending_pool.go:438.61,452.2 7 1
github.com/luxfi/dex/pkg/lx/lending_pool.go:455.100,464.2 6 0
github.com/luxfi/dex/pkg/lx/lending_pool.go:467.65,469.42 2 0
github.com/luxfi/dex/pkg/lx/lending_pool.go:469.42,471.3 1 0
github.com/luxfi/dex/pkg/lx/lending_pool.go:472.2,472.20 1 0
github.com/luxfi/dex/pkg/lx/lending_pool.go:476.82,477.31 1 1
github.com/luxfi/dex/pkg/lx/lending_pool.go:477.31,480.3 1 1
github.com/luxfi/dex/pkg/lx/lending_pool.go:483.2,485.60 3 0
github.com/luxfi/dex/pkg/lx/lending_pool.go:489.51,497.2 1 1
github.com/luxfi/dex/pkg/lx/lending_pool.go:506.48,510.2 1 1
github.com/luxfi/dex/pkg/lx/lending_pool.go:512.49,521.2 1 1
github.com/luxfi/dex/pkg/lx/lending_pool.go:537.42,541.2 1 1
github.com/luxfi/dex/pkg/lx/liquidation_engine.go:304.48,324.2 1 1
github.com/luxfi/dex/pkg/lx/liquidation_engine.go:327.40,342.2 1 1
github.com/luxfi/dex/pkg/lx/liquidation_engine.go:345.121,350.68 3 1
github.com/luxfi/dex/pkg/lx/liquidation_engine.go:350.68,352.3 1 1
github.com/luxfi/dex/pkg/lx/liquidation_engine.go:355.2,378.39 5 1
github.com/luxfi/dex/pkg/lx/liquidation_engine.go:378.39,380.3 1 1
github.com/luxfi/dex/pkg/lx/liquidation_engine.go:383.2,386.12 3 1
github.com/luxfi/dex/pkg/lx/liquidation_engine.go:390.80,399.23 6 1
github.com/luxfi/dex/pkg/lx/liquidation_engine.go:399.23,402.3 1 1
github.com/luxfi/dex/pkg/lx/liquidation_engine.go:405.2,406.16 2 1
github.com/luxfi/dex/pkg/lx/liquidation_engine.go:406.16,409.3 2 0
github.com/luxfi/dex/pkg/lx/liquidation_engine.go:411.2,426.39 10 1
github.com/luxfi/dex/pkg/lx/liquidation_engine.go:426.39,427.46 1 0
github.com/luxfi/dex/pkg/lx/liquidation_engine.go:427.46,429.4 1 0
github.com/luxfi/dex/pkg/lx/liquidation_engine.go:433.2,452.12 13 1
github.com/luxfi/dex/pkg/lx/liquidation_engine.go:456.72,458.61 1 1
github.com/luxfi/dex/pkg/lx/liquidation_engine.go:458.61,460.3 1 0
github.com/luxfi/dex/pkg/lx/liquidation_engine.go:463.2,464.55 2 1
github.com/luxfi/dex/pkg/lx/liquidation_engine.go:464.55,466.3 1 1
github.com/luxfi/dex/pkg/lx/liquidation_engine.go:469.2,469.48 1 0
github.com/luxfi/dex/pkg/lx/liquidation_engine.go:473.72,475.2 1 1
github.com/luxfi/dex/pkg/lx/liquidation_engine.go:478.86,482.44 3 1
github.com/luxfi/dex/pkg/lx/liquidation_engine.go:482.44,485.50 2 1
github.com/luxfi/dex/pkg/lx/liquidation_engine.go:485.50,486.12 1 1
github.com/luxfi/dex/pkg/lx/liquidation_engine.go:490.3,491.24 2 1
github.com/luxfi/dex/pkg/lx/liquidation_engine.go:491.24,494.4 2 1
github.com/luxfi/dex/pkg/lx/liquidation_engine.go:497.2,497.23 1 1
github.com/luxfi/dex/pkg/lx/liquidation_engine.go:501.112,516.25 7 1
github.com/luxfi/dex/pkg/lx/liquidation_engine.go:516.25,518.3 1 1
github.com/luxfi/dex/pkg/lx/liquidation_engine.go:518.8,518.33 1 1
github.com/luxfi/dex/pkg/lx/liquidation_engine.go:518.33,520.3 1 0
github.com/luxfi/dex/pkg/lx/liquidation_engine.go:523.2,528.14 5 1
github.com/luxfi/dex/pkg/lx/liquidation_engine.go:532.94,538.26 4 1
github.com/luxfi/dex/pkg/lx/liquidation_engine.go:538.26,540.3 1 1
github.com/luxfi/dex/pkg/lx/liquidation_engine.go:540.8,542.3 1 1
github.com/luxfi/dex/pkg/lx/liquidation_engine.go:545.2,545.23 1 1
github.com/luxfi/dex/pkg/lx/liquidation_engine.go:545.23,547.3 1 1
github.com/luxfi/dex/pkg/lx/liquidation_engine.go:547.8,547.30 1 1
github.com/luxfi/dex/pkg/lx/liquidation_engine.go:547.30,549.3 1 1
github.com/luxfi/dex/pkg/lx/liquidation_engine.go:550.2,550.20 1 1
github.com/luxfi/dex/pkg/lx/liquidation_engine.go:554.79,556.40 1 1
github.com/luxfi/dex/pkg/lx/liquidation_engine.go:556.40,558.3 1 1
github.com/luxfi/dex/pkg/lx/liquidation_engine.go:562.2,565.39 2 1
github.com/luxfi/dex/pkg/lx/liquidation_engine.go:565.39,567.3 1 1
github.com/luxfi/dex/pkg/lx/liquidation_engine.go:570.2,570.51 1 1
github.com/luxfi/dex/pkg/lx/liquidation_engine.go:574.109,580.23 3 1
github.com/luxfi/dex/pkg/lx/liquidation_engine.go:580.23,583.3 1 1
github.com/luxfi/dex/pkg/lx/liquidation_engine.go:583.8,586.3 1 1
github.com/luxfi/dex/pkg/lx/liquidation_engine.go:588.2,588.28 1 1
github.com/luxfi/dex/pkg/lx/liquidation_engine.go:593.75,597.32 3 1
github.com/luxfi/dex/pkg/lx/liquidation_engine.go:597.32,599.3 1 1
github.com/luxfi/dex/pkg/lx/liquidation_engine.go:600.2,604.52 3 1
github.com/luxfi/dex/pkg/lx/liquidation_engine.go:604.52,606.3 1 1
github.com/luxfi/dex/pkg/lx/liquidation_engine.go:608.2,608.30 1 1
github.com/luxfi/dex/pkg/lx/liquidation_engine.go:611.75,616.2 3 1
github.com/luxfi/dex/pkg/lx/liquidation_engine.go:618.83,620.20 2 1
github.com/luxfi/dex/pkg/lx/liquidation_engine.go:620.20,622.3 1 1
github.com/luxfi/dex/pkg/lx/liquidation_engine.go:624.2,624.31 1 1
github.com/luxfi/dex/pkg/lx/liquidation_engine.go:627.93,631.45 3 1
github.com/luxfi/dex/pkg/lx/liquidation_engine.go:631.45,633.3 1 1
github.com/luxfi/dex/pkg/lx/liquidation_engine.go:635.2,649.47 5 1
github.com/luxfi/dex/pkg/lx/liquidation_engine.go:649.47,654.3 4 1
github.com/luxfi/dex/pkg/lx/liquidation_engine.go:656.2,657.12 2 1
github.com/luxfi/dex/pkg/lx/liquidation_engine.go:660.55,664.45 3 1
github.com/luxfi/dex/pkg/lx/liquidation_engine.go:664.45,666.3 1 0
github.com/luxfi/dex/pkg/lx/liquidation_engine.go:668.2,671.15 4 1
github.com/luxfi/dex/pkg/lx/liquidation_engine.go:676.46,689.2 1 1
github.com/luxfi/dex/pkg/lx/liquidation_engine.go:691.61,695.24 3 1
github.com/luxfi/dex/pkg/lx/liquidation_engine.go:696.20,697.57 1 1
github.com/luxfi/dex/pkg/lx/liquidation_engine.go:698.22,699.61 1 1
github.com/luxfi/dex/pkg/lx/liquidation_engine.go:700.19,701.55 1 1
github.com/luxfi/dex/pkg/lx/liquidation_engine.go:707.58,715.2 1 1
github.com/luxfi/dex/pkg/lx/liquidation_engine.go:717.75,723.26 4 1
github.com/luxfi/dex/pkg/lx/liquidation_engine.go:723.26,725.3 1 1
github.com/luxfi/dex/pkg/lx/liquidation_engine.go:730.2,738.39 3 1
github.com/luxfi/dex/pkg/lx/liquidation_engine.go:738.39,739.25 1 1
github.com/luxfi/dex/pkg/lx/liquidation_engine.go:739.25,740.9 1 1
github.com/luxfi/dex/pkg/lx/liquidation_engine.go:744.3,758.33 5 1
github.com/luxfi/dex/pkg/lx/liquidation_engine.go:761.2,762.12 2 1
github.com/luxfi/dex/pkg/lx/liquidation_engine.go:767.54,776.2 1 1
github.com/luxfi/dex/pkg/lx/liquidation_engine.go:778.79,782.42 3 1
github.com/luxfi/dex/pkg/lx/liquidation_engine.go:782.42,784.3 1 1
github.com/luxfi/dex/pkg/lx/liquidation_engine.go:786.2,801.12 3 1
github.com/luxfi/dex/pkg/lx/liquidation_engine.go:806.42,813.2 1 1
github.com/luxfi/dex/pkg/lx/liquidation_engine.go:815.48,816.17 1 1
github.com/luxfi/dex/pkg/lx/liquidation_engine.go:816.17,818.3 1 1
github.com/luxfi/dex/pkg/lx/liquidation_engine.go:821.2,821.54 1 1
github.com/luxfi/dex/pkg/lx/liquidation_engine.go:821.54,823.3 1 1
github.com/luxfi/dex/pkg/lx/liquidation_engine.go:826.2,826.49 1 1
github.com/luxfi/dex/pkg/lx/liquidation_engine.go:826.49,827.45 1 1
github.com/luxfi/dex/pkg/lx/liquidation_engine.go:827.45,832.4 4 1
github.com/luxfi/dex/pkg/lx/liquidation_engine.go:835.2,835.14 1 1
github.com/luxfi/dex/pkg/lx/liquidation_engine.go:840.61,848.2 1 1
github.com/luxfi/dex/pkg/lx/liquidation_engine.go:850.59,855.23 1 1
github.com/luxfi/dex/pkg/lx/liquidation_engine.go:855.23,858.5 1 1
github.com/luxfi/dex/pkg/lx/liquidation_engine.go:859.25,862.5 1 0
github.com/luxfi/dex/pkg/lx/liquidation_engine.go:869.23,872.5 1 1
github.com/luxfi/dex/pkg/lx/liquidation_engine.go:873.25,876.5 1 0
github.com/luxfi/dex/pkg/lx/liquidation_engine.go:883.42,885.2 1 1
github.com/luxfi/dex/pkg/lx/liquidation_engine.go:887.31,889.2 1 1
github.com/luxfi/dex/pkg/lx/liquidation_engine.go:891.30,893.2 1 1
github.com/luxfi/dex/pkg/lx/liquidation_engine.go:895.50,903.2 1 1
github.com/luxfi/dex/pkg/lx/liquidation_engine.go:905.44,912.2 1 1
github.com/luxfi/dex/pkg/lx/margin_trading.go:118.81,133.2 1 1
github.com/luxfi/dex/pkg/lx/margin_trading.go:136.115,140.46 3 1
github.com/luxfi/dex/pkg/lx/margin_trading.go:140.46,142.3 1 1
github.com/luxfi/dex/pkg/lx/margin_trading.go:144.2,145.35 2 1
github.com/luxfi/dex/pkg/lx/margin_trading.go:145.35,147.3 1 1
github.com/luxfi/dex/pkg/lx/margin_trading.go:147.8,147.43 1 1
github.com/luxfi/dex/pkg/lx/margin_trading.go:147.43,149.3 1 1
github.com/luxfi/dex/pkg/lx/margin_trading.go:151.2,177.21 3 1
github.com/luxfi/dex/pkg/lx/margin_trading.go:181.66,186.2 3 1
github.com/luxfi/dex/pkg/lx/margin_trading.go:189.88,194.13 4 1
github.com/luxfi/dex/pkg/lx/margin_trading.go:194.13,196.3 1 1
github.com/luxfi/dex/pkg/lx/margin_trading.go:198.2,199.13 2 1
github.com/luxfi/dex/pkg/lx/margin_trading.go:199.13,210.3 2 1
github.com/luxfi/dex/pkg/lx/margin_trading.go:213.2,221.38 5 1
github.com/luxfi/dex/pkg/lx/margin_trading.go:221.38,223.3 1 1
github.com/luxfi/dex/pkg/lx/margin_trading.go:224.2,229.12 3 1
github.com/luxfi/dex/pkg/lx/margin_trading.go:233.110,238.13 4 1
github.com/luxfi/dex/pkg/lx/margin_trading.go:238.13,240.3 1 0
github.com/luxfi/dex/pkg/lx/margin_trading.go:243.2,244.28 2 1
github.com/luxfi/dex/pkg/lx/margin_trading.go:244.28,246.3 1 1
github.com/luxfi/dex/pkg/lx/margin_trading.go:249.2,253.48 3 1
github.com/luxfi/dex/pkg/lx/margin_trading.go:253.48,255.3 1 1
github.com/luxfi/dex/pkg/lx/margin_trading.go:258.2,287.41 7 1
github.com/luxfi/dex/pkg/lx/margin_trading.go:287.41,288.83 1 1
github.com/luxfi/dex/pkg/lx/margin_trading.go:288.83,290.4 1 1
github.com/luxfi/dex/pkg/lx/margin_trading.go:294.2,296.22 2 1
github.com/luxfi/dex/pkg/lx/margin_trading.go:300.86,305.13 4 1
github.com/luxfi/dex/pkg/lx/margin_trading.go:305.13,307.3 1 1
github.com/luxfi/dex/pkg/lx/margin_trading.go:309.2,310.13 2 1
github.com/luxfi/dex/pkg/lx/margin_trading.go:310.13,312.3 1 1
github.com/luxfi/dex/pkg/lx/margin_trading.go:315.2,321.26 5 1
github.com/luxfi/dex/pkg/lx/margin_trading.go:321.26,323.3 1 1
github.com/luxfi/dex/pkg/lx/margin_trading.go:323.8,325.3 1 0
github.com/luxfi/dex/pkg/lx/margin_trading.go:327.2,339.74 8 1
github.com/luxfi/dex/pkg/lx/margin_trading.go:339.74,343.3 3 0
github.com/luxfi/dex/pkg/lx/margin_trading.go:346.2,346.32 1 1
github.com/luxfi/dex/pkg/lx/margin_trading.go:346.32,348.3 1 1
github.com/luxfi/dex/pkg/lx/margin_trading.go:348.8,352.3 3 0
github.com/luxfi/dex/pkg/lx/margin_trading.go:355.2,360.12 3 1
github.com/luxfi/dex/pkg/lx/margin_trading.go:364.94,369.13 4 0
github.com/luxfi/dex/pkg/lx/margin_trading.go:369.13,371.3 1 0
github.com/luxfi/dex/pkg/lx/margin_trading.go:373.2,374.13 2 0
github.com/luxfi/dex/pkg/lx/margin_trading.go:374.13,376.3 1 0
github.com/luxfi/dex/pkg/lx/margin_trading.go:379.2,380.31 2 0
github.com/luxfi/dex/pkg/lx/margin_trading.go:380.31,382.3 1 0
github.com/luxfi/dex/pkg/lx/margin_trading.go:385.2,390.40 4 0
github.com/luxfi/dex/pkg/lx/margin_trading.go:390.40,391.46 1 0
github.com/luxfi/dex/pkg/lx/margin_trading.go:391.46,393.4 1 0
github.com/luxfi/dex/pkg/lx/margin_trading.go:394.3,395.58 2 0
github.com/luxfi/dex/pkg/lx/margin_trading.go:396.8,401.3 3 0
github.com/luxfi/dex/pkg/lx/margin_trading.go:404.2,412.12 6 0
github.com/luxfi/dex/pkg/lx/margin_trading.go:416.109,418.32 2 1
github.com/luxfi/dex/pkg/lx/margin_trading.go:418.32,420.3 1 0
github.com/luxfi/dex/pkg/lx/margin_trading.go:422.2,422.26 1 1
github.com/luxfi/dex/pkg/lx/margin_trading.go:422.26,425.3 1 1
github.com/luxfi/dex/pkg/lx/margin_trading.go:425.8,428.3 1 1
github.com/luxfi/dex/pkg/lx/margin_trading.go:432.70,438.54 4 1
github.com/luxfi/dex/pkg/lx/margin_trading.go:438.54,444.3 4 1
github.com/luxfi/dex/pkg/lx/margin_trading.go:447.2,448.45 2 1
github.com/luxfi/dex/pkg/lx/margin_trading.go:448.45,451.27 3 1
github.com/luxfi/dex/pkg/lx/margin_trading.go:451.27,453.4 1 1
github.com/luxfi/dex/pkg/lx/margin_trading.go:453.9,455.4 1 0
github.com/luxfi/dex/pkg/lx/margin_trading.go:456.3,457.69 2 1
github.com/luxfi/dex/pkg/lx/margin_trading.go:459.2,465.47 3 1
github.com/luxfi/dex/pkg/lx/margin_trading.go:465.47,471.3 5 1
github.com/luxfi/dex/pkg/lx/margin_trading.go:471.8,473.3 1 1
github.com/luxfi/dex/pkg/lx/margin_trading.go:476.2,477.45 2 1
github.com/luxfi/dex/pkg/lx/margin_trading.go:477.45,480.3 2 1
github.com/luxfi/dex/pkg/lx/margin_trading.go:482.2,482.43 1 1
github.com/luxfi/dex/pkg/lx/margin_trading.go:482.43,487.3 4 1
github.com/luxfi/dex/pkg/lx/margin_trading.go:489.2,489.33 1 1
github.com/luxfi/dex/pkg/lx/margin_trading.go:493.45,497.43 3 1
github.com/luxfi/dex/pkg/lx/margin_trading.go:497.43,502.81 2 1
github.com/luxfi/dex/pkg/lx/margin_trading.go:502.81,504.4 1 0
github.com/luxfi/dex/pkg/lx/margin_trading.go:507.3,507.44 1 1
github.com/luxfi/dex/pkg/lx/margin_trading.go:507.44,508.51 1 1
github.com/luxfi/dex/pkg/lx/margin_trading.go:508.51,510.59 2 1
github.com/luxfi/dex/pkg/lx/margin_trading.go:510.59,512.6 1 1
github.com/luxfi/dex/pkg/lx/margin_trading.go:519.102,520.26 1 1
github.com/luxfi/dex/pkg/lx/margin_trading.go:520.26,522.3 1 1
github.com/luxfi/dex/pkg/lx/margin_trading.go:523.2,523.50 1 1
github.com/luxfi/dex/pkg/lx/margin_trading.go:527.96,545.51 5 1
github.com/luxfi/dex/pkg/lx/margin_trading.go:545.51,547.36 2 1
github.com/luxfi/dex/pkg/lx/margin_trading.go:547.36,550.4 2 1
github.com/luxfi/dex/pkg/lx/margin_trading.go:555.81,556.49 1 1
github.com/luxfi/dex/pkg/lx/margin_trading.go:556.49,558.3 1 1
github.com/luxfi/dex/pkg/lx/margin_trading.go:561.2,563.22 3 1
github.com/luxfi/dex/pkg/lx/margin_trading.go:567.104,570.31 2 1
github.com/luxfi/dex/pkg/lx/margin_trading.go:570.31,572.3 1 1
github.com/luxfi/dex/pkg/lx/margin_trading.go:575.2,579.13 3 1
github.com/luxfi/dex/pkg/lx/margin_trading.go:579.13,589.3 2 1
github.com/luxfi/dex/pkg/lx/margin_trading.go:592.2,598.36 3 1
github.com/luxfi/dex/pkg/lx/margin_trading.go:598.36,600.3 1 1
github.com/luxfi/dex/pkg/lx/margin_trading.go:601.2,603.12 2 1
github.com/luxfi/dex/pkg/lx/margin_trading.go:607.100,609.13 2 1
github.com/luxfi/dex/pkg/lx/margin_trading.go:609.13,611.3 1 1
github.com/luxfi/dex/pkg/lx/margin_trading.go:614.2,619.45 4 1
github.com/luxfi/dex/pkg/lx/margin_trading.go:619.45,621.3 1 0
github.com/luxfi/dex/pkg/lx/margin_trading.go:621.8,623.3 1 1
github.com/luxfi/dex/pkg/lx/margin_trading.go:626.2,634.12 4 1
github.com/luxfi/dex/pkg/lx/margin_trading.go:638.84,649.2 7 1
github.com/luxfi/dex/pkg/lx/margin_trading.go:652.94,653.61 1 1
github.com/luxfi/dex/pkg/lx/margin_trading.go:653.61,654.37 1 1
github.com/luxfi/dex/pkg/lx/margin_trading.go:654.37,656.4 1 1
github.com/luxfi/dex/pkg/lx/margin_trading.go:657.3,657.18 1 1
github.com/luxfi/dex/pkg/lx/margin_trading.go:659.2,659.13 1 1
github.com/luxfi/dex/pkg/lx/margin_trading.go:662.63,671.48 2 1
github.com/luxfi/dex/pkg/lx/margin_trading.go:671.48,673.3 1 1
github.com/luxfi/dex/pkg/lx/margin_trading.go:674.2,674.13 1 1
github.com/luxfi/dex/pkg/lx/margin_trading.go:677.59,686.40 2 1
github.com/luxfi/dex/pkg/lx/margin_trading.go:686.40,688.3 1 1
github.com/luxfi/dex/pkg/lx/margin_trading.go:689.2,689.13 1 1
github.com/luxfi/dex/pkg/lx/margin_trading.go:692.48,703.2 1 1
github.com/luxfi/dex/pkg/lx/margin_trading.go:705.54,716.2 1 1
github.com/luxfi/dex/pkg/lx/margin_trading.go:718.50,729.2 1 1
github.com/luxfi/dex/pkg/lx/margin_trading.go:733.34,736.2 2 1
github.com/luxfi/dex/pkg/lx/margin_trading.go:738.35,739.17 1 1
github.com/luxfi/dex/pkg/lx/margin_trading.go:739.17,741.3 1 1
github.com/luxfi/dex/pkg/lx/margin_trading.go:742.2,742.12 1 1
github.com/luxfi/dex/pkg/lx/multisig.go:195.44,205.2 1 1
github.com/luxfi/dex/pkg/lx/multisig.go:212.28,217.22 3 1
github.com/luxfi/dex/pkg/lx/multisig.go:217.22,219.3 1 0
github.com/luxfi/dex/pkg/lx/multisig.go:221.2,221.41 1 1
github.com/luxfi/dex/pkg/lx/multisig.go:221.41,223.3 1 0
github.com/luxfi/dex/pkg/lx/multisig.go:225.2,225.60 1 1
github.com/luxfi/dex/pkg/lx/multisig.go:225.60,227.3 1 0
github.com/luxfi/dex/pkg/lx/multisig.go:230.2,231.31 2 1
github.com/luxfi/dex/pkg/lx/multisig.go:231.31,232.22 1 1
github.com/luxfi/dex/pkg/lx/multisig.go:232.22,234.4 1 0
github.com/luxfi/dex/pkg/lx/multisig.go:235.3,235.25 1 1
github.com/luxfi/dex/pkg/lx/multisig.go:238.2,270.35 9 1
github.com/luxfi/dex/pkg/lx/multisig.go:270.35,286.3 3 1
github.com/luxfi/dex/pkg/lx/multisig.go:288.2,291.20 3 1
github.com/luxfi/dex/pkg/lx/multisig.go:304.33,309.13 4 1
github.com/luxfi/dex/pkg/lx/multisig.go:309.13,311.3 1 0
github.com/luxfi/dex/pkg/lx/multisig.go:313.2,317.53 3 1
github.com/luxfi/dex/pkg/lx/multisig.go:317.53,319.3 1 0
github.com/luxfi/dex/pkg/lx/multisig.go:322.2,322.47 1 1
github.com/luxfi/dex/pkg/lx/multisig.go:322.47,324.3 1 0
github.com/luxfi/dex/pkg/lx/multisig.go:327.2,327.48 1 1
github.com/luxfi/dex/pkg/lx/multisig.go:327.48,329.3 1 0
github.com/luxfi/dex/pkg/lx/multisig.go:332.2,332.30 1 1
github.com/luxfi/dex/pkg/lx/multisig.go:332.30,333.62 1 1
github.com/luxfi/dex/pkg/lx/multisig.go:333.62,335.4 1 0
github.com/luxfi/dex/pkg/lx/multisig.go:336.3,336.34 1 1
github.com/luxfi/dex/pkg/lx/multisig.go:336.34,338.4 1 0
github.com/luxfi/dex/pkg/lx/multisig.go:341.3,341.70 1 1
github.com/luxfi/dex/pkg/lx/multisig.go:341.70,343.4 1 0
github.com/luxfi/dex/pkg/lx/multisig.go:347.2,348.23 2 1
github.com/luxfi/dex/pkg/lx/multisig.go:348.23,350.3 1 0
github.com/luxfi/dex/pkg/lx/multisig.go:353.2,382.41 8 1
github.com/luxfi/dex/pkg/lx/multisig.go:382.41,384.3 1 0
github.com/luxfi/dex/pkg/lx/multisig.go:386.2,386.16 1 1
github.com/luxfi/dex/pkg/lx/multisig.go:394.9,399.13 4 1
github.com/luxfi/dex/pkg/lx/multisig.go:399.13,401.3 1 0
github.com/luxfi/dex/pkg/lx/multisig.go:403.2,408.14 4 1
github.com/luxfi/dex/pkg/lx/multisig.go:408.14,410.3 1 0
github.com/luxfi/dex/pkg/lx/multisig.go:413.2,414.13 2 1
github.com/luxfi/dex/pkg/lx/multisig.go:414.13,416.3 1 1
github.com/luxfi/dex/pkg/lx/multisig.go:419.2,419.48 1 1
github.com/luxfi/dex/pkg/lx/multisig.go:419.48,421.3 1 0
github.com/luxfi/dex/pkg/lx/multisig.go:424.2,424.36 1 1
github.com/luxfi/dex/pkg/lx/multisig.go:424.36,429.3 4 0
github.com/luxfi/dex/pkg/lx/multisig.go:432.2,440.41 5 1
github.com/luxfi/dex/pkg/lx/multisig.go:440.41,443.3 2 1
github.com/luxfi/dex/pkg/lx/multisig.go:445.2,445.12 1 1
github.com/luxfi/dex/pkg/lx/multisig.go:453.9,458.13 4 1
github.com/luxfi/dex/pkg/lx/multisig.go:458.13,460.3 1 0
github.com/luxfi/dex/pkg/lx/multisig.go:462.2,466.13 4 1
github.com/luxfi/dex/pkg/lx/multisig.go:466.13,468.3 1 0
github.com/luxfi/dex/pkg/lx/multisig.go:471.2,471.49 1 1
github.com/luxfi/dex/pkg/lx/multisig.go:471.49,473.3 1 0
github.com/luxfi/dex/pkg/lx/multisig.go:476.2,480.73 3 1
github.com/luxfi/dex/pkg/lx/multisig.go:480.73,482.3 1 1
github.com/luxfi/dex/pkg/lx/multisig.go:484.2,484.12 1 1
github.com/luxfi/dex/pkg/lx/multisig.go:488.78,493.19 4 1
github.com/luxfi/dex/pkg/lx/multisig.go:493.19,495.3 1 0
github.com/luxfi/dex/pkg/lx/multisig.go:497.2,501.40 3 1
github.com/luxfi/dex/pkg/lx/multisig.go:501.40,503.3 1 1
github.com/luxfi/dex/pkg/lx/multisig.go:505.2,509.17 3 1
github.com/luxfi/dex/pkg/lx/multisig.go:510.22,511.39 1 1
github.com/luxfi/dex/pkg/lx/multisig.go:513.22,514.39 1 0
github.com/luxfi/dex/pkg/lx/multisig.go:516.25,517.42 1 0
github.com/luxfi/dex/pkg/lx/multisig.go:519.29,520.46 1 0
github.com/luxfi/dex/pkg/lx/multisig.go:522.20,523.23 1 0
github.com/luxfi/dex/pkg/lx/multisig.go:525.22,526.24 1 0
github.com/luxfi/dex/pkg/lx/multisig.go:528.23,529.40 1 0
github.com/luxfi/dex/pkg/lx/multisig.go:531.23,532.40 1 0
github.com/luxfi/dex/pkg/lx/multisig.go:534.10,535.51 1 0
github.com/luxfi/dex/pkg/lx/multisig.go:538.2,538.16 1 1
github.com/luxfi/dex/pkg/lx/multisig.go:538.16,542.3 3 1
github.com/luxfi/dex/pkg/lx/multisig.go:542.8,550.51 6 0
github.com/luxfi/dex/pkg/lx/multisig.go:550.51,551.39 1 0
github.com/luxfi/dex/pkg/lx/multisig.go:551.39,553.5 1 0
github.com/luxfi/dex/pkg/lx/multisig.go:554.4,554.68 1 0
github.com/luxfi/dex/pkg/lx/multisig.go:559.2,562.12 3 1
github.com/luxfi/dex/pkg/lx/multisig.go:566.99,569.49 2 1
github.com/luxfi/dex/pkg/lx/multisig.go:569.49,571.3 1 1
github.com/luxfi/dex/pkg/lx/multisig.go:574.2,574.38 1 0
github.com/luxfi/dex/pkg/lx/multisig.go:574.38,575.61 1 0
github.com/luxfi/dex/pkg/lx/multisig.go:575.61,577.54 1 0
github.com/luxfi/dex/pkg/lx/multisig.go:577.54,580.5 2 0
github.com/luxfi/dex/pkg/lx/multisig.go:583.4,584.42 2 0
github.com/luxfi/dex/pkg/lx/multisig.go:584.43,587.5 0 0
github.com/luxfi/dex/pkg/lx/multisig.go:589.4,589.31 1 0
github.com/luxfi/dex/pkg/lx/multisig.go:594.2,599.12 3 0
github.com/luxfi/dex/pkg/lx/multisig.go:603.99,604.49 1 1
github.com/luxfi/dex/pkg/lx/multisig.go:604.49,606.3 1 0
github.com/luxfi/dex/pkg/lx/multisig.go:608.2,608.47 1 1
github.com/luxfi/dex/pkg/lx/multisig.go:608.47,610.3 1 0
github.com/luxfi/dex/pkg/lx/multisig.go:612.2,627.12 5 1
github.com/luxfi/dex/pkg/lx/multisig.go:631.102,632.47 1 1
github.com/luxfi/dex/pkg/lx/multisig.go:632.47,634.3 1 0
github.com/luxfi/dex/pkg/lx/multisig.go:636.2,636.48 1 1
github.com/luxfi/dex/pkg/lx/multisig.go:636.48,638.3 1 0
github.com/luxfi/dex/pkg/lx/multisig.go:640.2,645.32 4 1
github.com/luxfi/dex/pkg/lx/multisig.go:645.32,646.24 1 1
github.com/luxfi/dex/pkg/lx/multisig.go:646.24,648.9 2 1
github.com/luxfi/dex/pkg/lx/multisig.go:652.2,652.12 1 1
github.com/luxfi/dex/pkg/lx/multisig.go:656.106,659.73 2 1
github.com/luxfi/dex/pkg/lx/multisig.go:659.73,662.3 1 0
github.com/luxfi/dex/pkg/lx/multisig.go:664.2,667.45 2 1
github.com/luxfi/dex/pkg/lx/multisig.go:667.45,668.31 1 1
github.com/luxfi/dex/pkg/lx/multisig.go:668.31,670.4 1 1
github.com/luxfi/dex/pkg/lx/multisig.go:673.2,673.12 1 1
github.com/luxfi/dex/pkg/lx/multisig.go:682.9,687.13 4 1
github.com/luxfi/dex/pkg/lx/multisig.go:687.13,689.3 1 0
github.com/luxfi/dex/pkg/lx/multisig.go:691.2,703.12 5 1
github.com/luxfi/dex/pkg/lx/multisig.go:708.54,712.2 3 1
github.com/luxfi/dex/pkg/lx/multisig.go:714.50,718.2 3 1
github.com/luxfi/dex/pkg/lx/multisig.go:720.97,730.2 3 1
github.com/luxfi/dex/pkg/lx/multisig.go:736.9,741.62 3 1
github.com/luxfi/dex/pkg/lx/multisig.go:741.62,743.46 1 1
github.com/luxfi/dex/pkg/lx/multisig.go:743.46,746.4 2 0
github.com/luxfi/dex/pkg/lx/multisig.go:748.3,749.37 2 1
github.com/luxfi/dex/pkg/lx/multisig.go:749.37,751.4 1 0
github.com/luxfi/dex/pkg/lx/multisig.go:755.2,756.63 2 1
github.com/luxfi/dex/pkg/lx/multisig.go:756.63,757.48 1 0
github.com/luxfi/dex/pkg/lx/multisig.go:757.48,760.4 2 0
github.com/luxfi/dex/pkg/lx/multisig.go:762.3,763.37 2 0
github.com/luxfi/dex/pkg/lx/multisig.go:763.37,765.4 1 0
github.com/luxfi/dex/pkg/lx/multisig.go:768.2,768.12 1 1
github.com/luxfi/dex/pkg/lx/multisig.go:771.24,772.11 1 1
github.com/luxfi/dex/pkg/lx/multisig.go:772.11,774.3 1 0
github.com/luxfi/dex/pkg/lx/multisig.go:775.2,775.10 1 1
github.com/luxfi/dex/pkg/lx/multisig.go:778.24,779.11 1 1
github.com/luxfi/dex/pkg/lx/multisig.go:779.11,781.3 1 1
github.com/luxfi/dex/pkg/lx/multisig.go:782.2,782.10 1 0
github.com/luxfi/dex/pkg/lx/multisig.go:786.91,791.13 4 1
github.com/luxfi/dex/pkg/lx/multisig.go:791.13,793.3 1 0
github.com/luxfi/dex/pkg/lx/multisig.go:795.2,799.34 4 1
github.com/luxfi/dex/pkg/lx/multisig.go:799.34,801.3 1 1
github.com/luxfi/dex/pkg/lx/multisig.go:803.2,815.8 1 1
github.com/luxfi/dex/pkg/lx/multisig.go:819.74,824.2 3 1
github.com/luxfi/dex/pkg/lx/oracle.go:55.41,57.2 1 1
github.com/luxfi/dex/pkg/lx/oracle.go:60.41,62.2 1 1
github.com/luxfi/dex/pkg/lx/oracle.go:127.81,128.33 1 1
github.com/luxfi/dex/pkg/lx/oracle.go:128.33,130.3 1 1
github.com/luxfi/dex/pkg/lx/oracle.go:133.2,135.27 3 1
github.com/luxfi/dex/pkg/lx/oracle.go:135.27,138.3 2 1
github.com/luxfi/dex/pkg/lx/oracle.go:141.2,145.35 3 1
github.com/luxfi/dex/pkg/lx/oracle.go:145.35,147.3 1 0
github.com/luxfi/dex/pkg/lx/oracle.go:150.2,162.24 3 1
github.com/luxfi/dex/pkg/lx/oracle.go:165.72,166.22 1 1
github.com/luxfi/dex/pkg/lx/oracle.go:166.22,168.3 1 1
github.com/luxfi/dex/pkg/lx/oracle.go:171.2,172.27 2 1
github.com/luxfi/dex/pkg/lx/oracle.go:172.27,173.44 1 1
github.com/luxfi/dex/pkg/lx/oracle.go:173.44,175.4 1 1
github.com/luxfi/dex/pkg/lx/oracle.go:179.2,180.27 2 1
github.com/luxfi/dex/pkg/lx/oracle.go:180.27,182.34 2 1
github.com/luxfi/dex/pkg/lx/oracle.go:182.34,184.4 1 1
github.com/luxfi/dex/pkg/lx/oracle.go:187.2,187.12 1 1
github.com/luxfi/dex/pkg/lx/oracle.go:190.95,193.27 2 1
github.com/luxfi/dex/pkg/lx/oracle.go:193.27,195.35 2 1
github.com/luxfi/dex/pkg/lx/oracle.go:195.35,197.4 1 1
github.com/luxfi/dex/pkg/lx/oracle.go:200.2,200.17 1 1
github.com/luxfi/dex/pkg/lx/oracle.go:203.79,204.22 1 1
github.com/luxfi/dex/pkg/lx/oracle.go:204.22,206.3 1 1
github.com/luxfi/dex/pkg/lx/oracle.go:209.2,220.34 8 1
github.com/luxfi/dex/pkg/lx/oracle.go:223.84,224.22 1 1
github.com/luxfi/dex/pkg/lx/oracle.go:224.22,226.3 1 1
github.com/luxfi/dex/pkg/lx/oracle.go:228.2,231.27 3 1
github.com/luxfi/dex/pkg/lx/oracle.go:231.27,232.22 1 1
github.com/luxfi/dex/pkg/lx/oracle.go:232.22,234.4 1 1
github.com/luxfi/dex/pkg/lx/oracle.go:235.3,235.35 1 1
github.com/luxfi/dex/pkg/lx/oracle.go:235.35,237.4 1 1
github.com/luxfi/dex/pkg/lx/oracle.go:240.2,240.32 1 1
github.com/luxfi/dex/pkg/lx/oracle.go:240.32,242.3 1 1
github.com/luxfi/dex/pkg/lx/oracle.go:244.2,244.25 1 1
github.com/luxfi/dex/pkg/lx/oracle.go:253.83,254.22 1 1
github.com/luxfi/dex/pkg/lx/oracle.go:254.22,256.3 1 1
github.com/luxfi/dex/pkg/lx/oracle.go:258.2,262.27 4 1
github.com/luxfi/dex/pkg/lx/oracle.go:262.27,264.18 2 1
github.com/luxfi/dex/pkg/lx/oracle.go:264.18,266.4 1 1
github.com/luxfi/dex/pkg/lx/oracle.go:269.3,269.41 1 1
github.com/luxfi/dex/pkg/lx/oracle.go:269.41,271.4 1 1
github.com/luxfi/dex/pkg/lx/oracle.go:273.3,275.26 3 1
github.com/luxfi/dex/pkg/lx/oracle.go:278.2,278.22 1 1
github.com/luxfi/dex/pkg/lx/oracle.go:278.22,280.3 1 0
github.com/luxfi/dex/pkg/lx/oracle.go:282.2,291.24 2 1
github.com/luxfi/dex/pkg/lx/oracle.go:294.74,297.2 1 1
github.com/luxfi/dex/pkg/lx/oracle.go:299.81,302.2 1 1
github.com/luxfi/dex/pkg/lx/oracle.go:317.62,318.29 1 1
github.com/luxfi/dex/pkg/lx/oracle.go:318.29,322.3 3 1
github.com/luxfi/dex/pkg/lx/oracle.go:325.2,325.70 1 1
github.com/luxfi/dex/pkg/lx/oracle.go:325.70,327.3 1 1
github.com/luxfi/dex/pkg/lx/oracle.go:329.2,329.17 1 1
github.com/luxfi/dex/pkg/lx/oracle.go:329.17,331.3 1 1
github.com/luxfi/dex/pkg/lx/oracle.go:334.2,336.42 2 1
github.com/luxfi/dex/pkg/lx/oracle.go:336.42,339.3 2 1
github.com/luxfi/dex/pkg/lx/oracle.go:341.2,343.13 3 1
github.com/luxfi/dex/pkg/lx/oracle.go:346.40,350.2 3 1
github.com/luxfi/dex/pkg/lx/oracle.go:352.41,354.2 1 1
github.com/luxfi/dex/pkg/lx/oracle.go:399.36,429.2 3 1
github.com/luxfi/dex/pkg/lx/oracle.go:432.52,444.2 0 1
github.com/luxfi/dex/pkg/lx/oracle.go:447.79,451.48 3 1
github.com/luxfi/dex/pkg/lx/oracle.go:451.48,453.3 1 1
github.com/luxfi/dex/pkg/lx/oracle.go:455.2,456.12 2 1
github.com/luxfi/dex/pkg/lx/oracle.go:460.38,462.45 1 1
github.com/luxfi/dex/pkg/lx/oracle.go:462.45,464.3 1 1
github.com/luxfi/dex/pkg/lx/oracle.go:467.2,475.12 4 1
github.com/luxfi/dex/pkg/lx/oracle.go:479.31,481.45 1 1
github.com/luxfi/dex/pkg/lx/oracle.go:481.45,483.3 1 1
github.com/luxfi/dex/pkg/lx/oracle.go:485.2,488.24 4 1
github.com/luxfi/dex/pkg/lx/oracle.go:492.56,496.55 3 1
github.com/luxfi/dex/pkg/lx/oracle.go:496.55,498.54 1 1
github.com/luxfi/dex/pkg/lx/oracle.go:498.54,500.60 1 1
github.com/luxfi/dex/pkg/lx/oracle.go:500.60,502.5 1 1
github.com/luxfi/dex/pkg/lx/oracle.go:504.3,504.21 1 1
github.com/luxfi/dex/pkg/lx/oracle.go:508.2,508.58 1 1
github.com/luxfi/dex/pkg/lx/oracle.go:508.58,510.3 1 1
github.com/luxfi/dex/pkg/lx/oracle.go:512.2,512.10 1 1
github.com/luxfi/dex/pkg/lx/oracle.go:516.72,520.55 3 1
github.com/luxfi/dex/pkg/lx/oracle.go:520.55,522.3 1 1
github.com/luxfi/dex/pkg/lx/oracle.go:524.2,524.56 1 1
github.com/luxfi/dex/pkg/lx/oracle.go:528.77,532.45 3 1
github.com/luxfi/dex/pkg/lx/oracle.go:532.45,533.28 1 1
github.com/luxfi/dex/pkg/lx/oracle.go:533.28,535.4 1 1
github.com/luxfi/dex/pkg/lx/oracle.go:539.2,539.41 1 1
github.com/luxfi/dex/pkg/lx/oracle.go:543.77,547.45 3 1
github.com/luxfi/dex/pkg/lx/oracle.go:547.45,548.28 1 1
github.com/luxfi/dex/pkg/lx/oracle.go:548.28,550.4 1 1
github.com/luxfi/dex/pkg/lx/oracle.go:554.2,554.41 1 1
github.com/luxfi/dex/pkg/lx/oracle.go:558.37,562.21 3 1
github.com/luxfi/dex/pkg/lx/oracle.go:562.21,563.10 1 0
github.com/luxfi/dex/pkg/lx/oracle.go:564.19,565.21 1 0
github.com/luxfi/dex/pkg/lx/oracle.go:571.39,574.33 2 1
github.com/luxfi/dex/pkg/lx/oracle.go:574.33,578.45 2 1
github.com/luxfi/dex/pkg/lx/oracle.go:578.45,579.27 1 1
github.com/luxfi/dex/pkg/lx/oracle.go:579.27,587.13 2 0
github.com/luxfi/dex/pkg/lx/oracle.go:590.4,591.18 2 1
github.com/luxfi/dex/pkg/lx/oracle.go:591.18,592.13 1 0
github.com/luxfi/dex/pkg/lx/oracle.go:596.4,596.56 1 1
github.com/luxfi/dex/pkg/lx/oracle.go:596.56,597.31 1 1
github.com/luxfi/dex/pkg/lx/oracle.go:597.31,606.14 2 1
github.com/luxfi/dex/pkg/lx/oracle.go:610.4,610.34 1 1
github.com/luxfi/dex/pkg/lx/oracle.go:614.3,614.38 1 1
github.com/luxfi/dex/pkg/lx/oracle.go:614.38,622.12 2 1
github.com/luxfi/dex/pkg/lx/oracle.go:626.3,627.17 2 1
github.com/luxfi/dex/pkg/lx/oracle.go:627.17,629.12 2 0
github.com/luxfi/dex/pkg/lx/oracle.go:633.3,636.28 2 1
github.com/luxfi/dex/pkg/lx/oracle.go:639.2,639.28 1 1
github.com/luxfi/dex/pkg/lx/oracle.go:643.76,651.36 5 1
github.com/luxfi/dex/pkg/lx/oracle.go:651.36,653.3 1 1
github.com/luxfi/dex/pkg/lx/oracle.go:654.2,658.47 3 1
github.com/luxfi/dex/pkg/lx/oracle.go:658.47,660.3 1 0
github.com/luxfi/dex/pkg/lx/oracle.go:663.2,663.21 1 1
github.com/luxfi/dex/pkg/lx/oracle.go:663.21,674.10 3 1
github.com/luxfi/dex/pkg/lx/oracle.go:675.34,675.34 0 1
github.com/luxfi/dex/pkg/lx/oracle.go:676.11,676.11 0 0
github.com/luxfi/dex/pkg/lx/oracle.go:683.41,687.21 3 1
github.com/luxfi/dex/pkg/lx/oracle.go:687.21,688.10 1 0
github.com/luxfi/dex/pkg/lx/oracle.go:689.19,690.26 1 0
github.com/luxfi/dex/pkg/lx/oracle.go:696.44,700.44 3 1
github.com/luxfi/dex/pkg/lx/oracle.go:700.44,704.15 3 1
github.com/luxfi/dex/pkg/lx/oracle.go:704.15,711.4 1 1
github.com/luxfi/dex/pkg/lx/oracle.go:716.44,720.21 3 1
github.com/luxfi/dex/pkg/lx/oracle.go:720.21,721.10 1 0
github.com/luxfi/dex/pkg/lx/oracle.go:722.19,723.23 1 0
github.com/luxfi/dex/pkg/lx/oracle.go:729.41,732.33 2 1
github.com/luxfi/dex/pkg/lx/oracle.go:732.33,756.3 8 0
github.com/luxfi/dex/pkg/lx/oracle.go:760.83,762.23 2 1
github.com/luxfi/dex/pkg/lx/oracle.go:762.23,764.3 1 1
github.com/luxfi/dex/pkg/lx/oracle.go:766.2,769.28 3 1
github.com/luxfi/dex/pkg/lx/oracle.go:769.28,770.32 1 1
github.com/luxfi/dex/pkg/lx/oracle.go:770.32,772.4 1 1
github.com/luxfi/dex/pkg/lx/oracle.go:775.2,775.30 1 1
github.com/luxfi/dex/pkg/lx/oracle.go:775.30,777.3 1 0
github.com/luxfi/dex/pkg/lx/oracle.go:779.2,779.38 1 1
github.com/luxfi/dex/pkg/lx/oracle.go:783.83,785.23 2 1
github.com/luxfi/dex/pkg/lx/oracle.go:785.23,787.3 1 1
github.com/luxfi/dex/pkg/lx/oracle.go:789.2,793.28 4 1
github.com/luxfi/dex/pkg/lx/oracle.go:793.28,794.32 1 1
github.com/luxfi/dex/pkg/lx/oracle.go:794.32,797.4 2 1
github.com/luxfi/dex/pkg/lx/oracle.go:800.2,800.22 1 1
github.com/luxfi/dex/pkg/lx/oracle.go:800.22,802.3 1 1
github.com/luxfi/dex/pkg/lx/oracle.go:804.2,804.33 1 1
github.com/luxfi/dex/pkg/lx/oracle.go:808.53,813.39 4 1
github.com/luxfi/dex/pkg/lx/oracle.go:813.39,815.3 1 1
github.com/luxfi/dex/pkg/lx/oracle.go:817.2,817.16 1 1
github.com/luxfi/dex/pkg/lx/oracle.go:821.53,824.9 2 1
github.com/luxfi/dex/pkg/lx/oracle.go:825.32,825.32 0 1
github.com/luxfi/dex/pkg/lx/oracle.go:826.10,826.10 0 1
github.com/luxfi/dex/pkg/lx/oracle.go:833.48,834.22 1 1
github.com/luxfi/dex/pkg/lx/oracle.go:834.22,836.3 1 1
github.com/luxfi/dex/pkg/lx/oracle.go:839.2,842.35 3 1
github.com/luxfi/dex/pkg/lx/oracle.go:842.35,843.40 1 1
github.com/luxfi/dex/pkg/lx/oracle.go:843.40,844.29 1 1
github.com/luxfi/dex/pkg/lx/oracle.go:844.29,846.5 1 1
github.com/luxfi/dex/pkg/lx/oracle.go:850.2,850.24 1 1
github.com/luxfi/dex/pkg/lx/oracle.go:850.24,852.3 1 1
github.com/luxfi/dex/pkg/lx/oracle.go:853.2,853.30 1 1
github.com/luxfi/dex/pkg/lx/oracle.go:856.46,857.22 1 1
github.com/luxfi/dex/pkg/lx/oracle.go:857.22,859.3 1 1
github.com/luxfi/dex/pkg/lx/oracle.go:861.2,862.27 2 1
github.com/luxfi/dex/pkg/lx/oracle.go:862.27,864.3 1 1
github.com/luxfi/dex/pkg/lx/oracle.go:865.2,865.35 1 1
github.com/luxfi/dex/pkg/lx/oracle.go:868.62,869.22 1 1
github.com/luxfi/dex/pkg/lx/oracle.go:869.22,871.3 1 1
github.com/luxfi/dex/pkg/lx/oracle.go:873.2,874.27 2 1
github.com/luxfi/dex/pkg/lx/oracle.go:874.27,877.3 2 1
github.com/luxfi/dex/pkg/lx/oracle.go:879.2,880.28 2 1
github.com/luxfi/dex/pkg/lx/oracle.go:883.54,885.30 2 1
github.com/luxfi/dex/pkg/lx/oracle.go:885.30,887.3 1 1
github.com/luxfi/dex/pkg/lx/oracle.go:888.2,888.15 1 1
github.com/luxfi/dex/pkg/lx/oracle.go:891.60,895.33 3 1
github.com/luxfi/dex/pkg/lx/oracle.go:895.33,902.3 1 1
github.com/luxfi/dex/pkg/lx/oracle.go:904.2,904.17 1 1
github.com/luxfi/dex/pkg/lx/oracle.go:907.40,912.2 1 1
github.com/luxfi/dex/pkg/lx/orderbook.go:26.54,27.15 1 0
github.com/luxfi/dex/pkg/lx/orderbook.go:27.15,29.3 1 0
github.com/luxfi/dex/pkg/lx/orderbook.go:30.2,30.26 1 0
github.com/luxfi/dex/pkg/lx/orderbook.go:30.26,32.3 1 0
github.com/luxfi/dex/pkg/lx/orderbook.go:33.2,33.47 1 0
github.com/luxfi/dex/pkg/lx/orderbook.go:60.27,62.4 1 0
github.com/luxfi/dex/pkg/lx/orderbook.go:65.27,67.4 1 0
github.com/luxfi/dex/pkg/lx/orderbook.go:71.13,74.2 1 1
github.com/luxfi/dex/pkg/lx/orderbook.go:76.34,78.45 1 1
github.com/luxfi/dex/pkg/lx/orderbook.go:78.45,80.3 1 0
github.com/luxfi/dex/pkg/lx/orderbook.go:83.2,83.59 1 1
github.com/luxfi/dex/pkg/lx/orderbook.go:83.59,84.82 1 1
github.com/luxfi/dex/pkg/lx/orderbook.go:84.82,86.4 1 1
github.com/luxfi/dex/pkg/lx/orderbook.go:90.2,90.37 1 0
github.com/luxfi/dex/pkg/lx/orderbook.go:90.37,92.3 1 0
github.com/luxfi/dex/pkg/lx/orderbook.go:95.2,95.18 1 0
github.com/luxfi/dex/pkg/lx/orderbook.go:221.45,260.2 10 1
github.com/luxfi/dex/pkg/lx/orderbook.go:263.41,271.17 2 1
github.com/luxfi/dex/pkg/lx/orderbook.go:271.17,274.3 2 1
github.com/luxfi/dex/pkg/lx/orderbook.go:274.8,277.3 2 1
github.com/luxfi/dex/pkg/lx/orderbook.go:278.2,280.13 2 1
github.com/luxfi/dex/pkg/lx/orderbook.go:284.52,286.19 1 1
github.com/luxfi/dex/pkg/lx/orderbook.go:286.19,289.3 2 1
github.com/luxfi/dex/pkg/lx/orderbook.go:292.2,292.24 1 1
github.com/luxfi/dex/pkg/lx/orderbook.go:292.24,294.3 1 1
github.com/luxfi/dex/pkg/lx/orderbook.go:297.2,297.30 1 1
github.com/luxfi/dex/pkg/lx/orderbook.go:297.30,299.3 1 1
github.com/luxfi/dex/pkg/lx/orderbook.go:302.2,302.48 1 1
github.com/luxfi/dex/pkg/lx/orderbook.go:302.48,305.3 2 0
github.com/luxfi/dex/pkg/lx/orderbook.go:308.2,311.26 2 1
github.com/luxfi/dex/pkg/lx/orderbook.go:311.26,313.3 1 1
github.com/luxfi/dex/pkg/lx/orderbook.go:316.2,321.26 4 1
github.com/luxfi/dex/pkg/lx/orderbook.go:321.26,323.3 1 1
github.com/luxfi/dex/pkg/lx/orderbook.go:324.2,324.54 1 1
github.com/luxfi/dex/pkg/lx/orderbook.go:324.54,327.3 2 1
github.com/luxfi/dex/pkg/lx/orderbook.go:330.2,330.58 1 1
github.com/luxfi/dex/pkg/lx/orderbook.go:330.58,331.35 1 0
github.com/luxfi/dex/pkg/lx/orderbook.go:331.35,334.4 2 0
github.com/luxfi/dex/pkg/lx/orderbook.go:338.2,345.79 3 1
github.com/luxfi/dex/pkg/lx/orderbook.go:345.79,348.65 2 1
github.com/luxfi/dex/pkg/lx/orderbook.go:348.65,351.4 2 0
github.com/luxfi/dex/pkg/lx/orderbook.go:353.3,353.72 1 1
github.com/luxfi/dex/pkg/lx/orderbook.go:353.72,356.4 1 1
github.com/luxfi/dex/pkg/lx/orderbook.go:360.2,360.77 1 1
github.com/luxfi/dex/pkg/lx/orderbook.go:360.77,361.31 1 1
github.com/luxfi/dex/pkg/lx/orderbook.go:361.31,363.4 1 1
github.com/luxfi/dex/pkg/lx/orderbook.go:366.3,367.24 2 1
github.com/luxfi/dex/pkg/lx/orderbook.go:367.24,369.4 1 1
github.com/luxfi/dex/pkg/lx/orderbook.go:369.9,371.4 1 1
github.com/luxfi/dex/pkg/lx/orderbook.go:374.3,380.39 4 1
github.com/luxfi/dex/pkg/lx/orderbook.go:380.39,382.4 1 1
github.com/luxfi/dex/pkg/lx/orderbook.go:383.3,386.33 2 1
github.com/luxfi/dex/pkg/lx/orderbook.go:386.33,388.4 1 1
github.com/luxfi/dex/pkg/lx/orderbook.go:391.3,401.5 1 1
github.com/luxfi/dex/pkg/lx/orderbook.go:406.2,406.17 1 1
github.com/luxfi/dex/pkg/lx/orderbook.go:410.47,413.2 2 1
github.com/luxfi/dex/pkg/lx/orderbook.go:416.75,422.13 4 1
github.com/luxfi/dex/pkg/lx/orderbook.go:422.13,438.23 5 1
github.com/luxfi/dex/pkg/lx/orderbook.go:438.23,440.57 2 1
github.com/luxfi/dex/pkg/lx/orderbook.go:440.57,442.5 1 1
github.com/luxfi/dex/pkg/lx/orderbook.go:443.9,445.57 2 1
github.com/luxfi/dex/pkg/lx/orderbook.go:445.57,447.5 1 1
github.com/luxfi/dex/pkg/lx/orderbook.go:452.2,457.33 4 1
github.com/luxfi/dex/pkg/lx/orderbook.go:457.33,460.3 2 1
github.com/luxfi/dex/pkg/lx/orderbook.go:460.8,464.3 3 1
github.com/luxfi/dex/pkg/lx/orderbook.go:465.2,468.29 3 1
github.com/luxfi/dex/pkg/lx/orderbook.go:468.29,470.3 1 1
github.com/luxfi/dex/pkg/lx/orderbook.go:471.2,481.37 7 1
github.com/luxfi/dex/pkg/lx/orderbook.go:485.91,487.2 1 1
github.com/luxfi/dex/pkg/lx/orderbook.go:490.50,496.13 5 1
github.com/luxfi/dex/pkg/lx/orderbook.go:496.13,498.3 1 0
github.com/luxfi/dex/pkg/lx/orderbook.go:500.2,503.28 2 1
github.com/luxfi/dex/pkg/lx/orderbook.go:503.28,505.13 2 1
github.com/luxfi/dex/pkg/lx/orderbook.go:505.13,506.24 1 1
github.com/luxfi/dex/pkg/lx/orderbook.go:506.24,508.5 1 1
github.com/luxfi/dex/pkg/lx/orderbook.go:508.10,510.5 1 1
github.com/luxfi/dex/pkg/lx/orderbook.go:512.4,512.24 1 1
github.com/luxfi/dex/pkg/lx/orderbook.go:512.24,514.5 1 1
github.com/luxfi/dex/pkg/lx/orderbook.go:514.10,516.5 1 1
github.com/luxfi/dex/pkg/lx/orderbook.go:518.4,518.43 1 1
github.com/luxfi/dex/pkg/lx/orderbook.go:523.2,523.33 1 1
github.com/luxfi/dex/pkg/lx/orderbook.go:523.33,524.23 1 1
github.com/luxfi/dex/pkg/lx/orderbook.go:524.23,526.9 2 1
github.com/luxfi/dex/pkg/lx/orderbook.go:530.2,531.29 2 1
github.com/luxfi/dex/pkg/lx/orderbook.go:531.29,533.3 1 1
github.com/luxfi/dex/pkg/lx/orderbook.go:534.2,538.27 3 1
github.com/luxfi/dex/pkg/lx/orderbook.go:538.27,543.67 3 1
github.com/luxfi/dex/pkg/lx/orderbook.go:543.67,544.47 1 1
github.com/luxfi/dex/pkg/lx/orderbook.go:544.47,546.5 1 1
github.com/luxfi/dex/pkg/lx/orderbook.go:546.10,548.5 1 1
github.com/luxfi/dex/pkg/lx/orderbook.go:549.9,549.75 1 1
github.com/luxfi/dex/pkg/lx/orderbook.go:549.75,550.47 1 1
github.com/luxfi/dex/pkg/lx/orderbook.go:550.47,552.5 1 1
github.com/luxfi/dex/pkg/lx/orderbook.go:552.10,554.5 1 1
github.com/luxfi/dex/pkg/lx/orderbook.go:558.2,564.31 4 1
github.com/luxfi/dex/pkg/lx/orderbook.go:568.46,571.23 2 1
github.com/luxfi/dex/pkg/lx/orderbook.go:571.23,574.3 1 1
github.com/luxfi/dex/pkg/lx/orderbook.go:576.2,580.70 4 1
github.com/luxfi/dex/pkg/lx/orderbook.go:580.70,583.3 1 1
github.com/luxfi/dex/pkg/lx/orderbook.go:586.2,589.33 3 1
github.com/luxfi/dex/pkg/lx/orderbook.go:589.33,591.3 1 1
github.com/luxfi/dex/pkg/lx/orderbook.go:594.2,594.27 1 0
github.com/luxfi/dex/pkg/lx/orderbook.go:594.27,596.3 1 0
github.com/luxfi/dex/pkg/lx/orderbook.go:598.2,598.12 1 0
github.com/luxfi/dex/pkg/lx/orderbook.go:602.53,603.31 1 1
github.com/luxfi/dex/pkg/lx/orderbook.go:603.31,608.14 4 1
github.com/luxfi/dex/pkg/lx/orderbook.go:608.14,610.12 2 1
github.com/luxfi/dex/pkg/lx/orderbook.go:613.3,614.28 2 1
github.com/luxfi/dex/pkg/lx/orderbook.go:614.28,617.63 3 1
github.com/luxfi/dex/pkg/lx/orderbook.go:617.63,619.5 1 1
github.com/luxfi/dex/pkg/lx/orderbook.go:620.9,622.4 1 0
github.com/luxfi/dex/pkg/lx/orderbook.go:624.3,624.27 1 1
github.com/luxfi/dex/pkg/lx/orderbook.go:626.2,626.12 1 1
github.com/luxfi/dex/pkg/lx/orderbook.go:630.67,633.48 2 1
github.com/luxfi/dex/pkg/lx/orderbook.go:633.48,635.3 1 0
github.com/luxfi/dex/pkg/lx/orderbook.go:637.2,638.23 2 1
github.com/luxfi/dex/pkg/lx/orderbook.go:638.23,640.3 1 1
github.com/luxfi/dex/pkg/lx/orderbook.go:640.8,642.3 1 1
github.com/luxfi/dex/pkg/lx/orderbook.go:644.2,644.30 1 1
github.com/luxfi/dex/pkg/lx/orderbook.go:644.30,646.23 2 1
github.com/luxfi/dex/pkg/lx/orderbook.go:646.23,647.9 1 1
github.com/luxfi/dex/pkg/lx/orderbook.go:651.3,651.26 1 1
github.com/luxfi/dex/pkg/lx/orderbook.go:651.26,652.58 1 1
github.com/luxfi/dex/pkg/lx/orderbook.go:652.58,653.10 1 1
github.com/luxfi/dex/pkg/lx/orderbook.go:655.4,655.59 1 1
github.com/luxfi/dex/pkg/lx/orderbook.go:655.59,656.10 1 1
github.com/luxfi/dex/pkg/lx/orderbook.go:661.3,661.55 1 1
github.com/luxfi/dex/pkg/lx/orderbook.go:661.55,665.12 4 0
github.com/luxfi/dex/pkg/lx/orderbook.go:669.3,671.34 3 1
github.com/luxfi/dex/pkg/lx/orderbook.go:671.34,673.4 1 1
github.com/luxfi/dex/pkg/lx/orderbook.go:674.3,689.34 6 1
github.com/luxfi/dex/pkg/lx/orderbook.go:689.34,691.4 1 1
github.com/luxfi/dex/pkg/lx/orderbook.go:692.3,695.31 2 1
github.com/luxfi/dex/pkg/lx/orderbook.go:695.31,697.4 1 1
github.com/luxfi/dex/pkg/lx/orderbook.go:697.9,699.4 1 1
github.com/luxfi/dex/pkg/lx/orderbook.go:701.3,701.113 1 1
github.com/luxfi/dex/pkg/lx/orderbook.go:701.113,706.4 4 1
github.com/luxfi/dex/pkg/lx/orderbook.go:706.9,708.4 1 1
github.com/luxfi/dex/pkg/lx/orderbook.go:711.3,712.29 2 1
github.com/luxfi/dex/pkg/lx/orderbook.go:712.29,714.4 1 1
github.com/luxfi/dex/pkg/lx/orderbook.go:717.3,717.30 1 1
github.com/luxfi/dex/pkg/lx/orderbook.go:717.30,719.4 1 0
github.com/luxfi/dex/pkg/lx/orderbook.go:721.3,721.14 1 1
github.com/luxfi/dex/pkg/lx/orderbook.go:724.2,724.18 1 1
github.com/luxfi/dex/pkg/lx/orderbook.go:728.71,736.63 5 1
github.com/luxfi/dex/pkg/lx/orderbook.go:736.63,739.3 2 0
github.com/luxfi/dex/pkg/lx/orderbook.go:742.2,742.30 1 1
github.com/luxfi/dex/pkg/lx/orderbook.go:742.30,744.3 1 0
github.com/luxfi/dex/pkg/lx/orderbook.go:745.2,745.17 1 1
github.com/luxfi/dex/pkg/lx/orderbook.go:749.68,754.63 3 1
github.com/luxfi/dex/pkg/lx/orderbook.go:754.63,757.3 2 1
github.com/luxfi/dex/pkg/lx/orderbook.go:760.2,760.30 1 1
github.com/luxfi/dex/pkg/lx/orderbook.go:760.30,762.3 1 0
github.com/luxfi/dex/pkg/lx/orderbook.go:763.2,763.17 1 1
github.com/luxfi/dex/pkg/lx/orderbook.go:767.44,776.6 5 1
github.com/luxfi/dex/pkg/lx/orderbook.go:776.6,781.39 3 1
github.com/luxfi/dex/pkg/lx/orderbook.go:781.39,782.9 1 1
github.com/luxfi/dex/pkg/lx/orderbook.go:786.3,786.36 1 1
github.com/luxfi/dex/pkg/lx/orderbook.go:786.36,787.9 1 1
github.com/luxfi/dex/pkg/lx/orderbook.go:791.3,791.57 1 1
github.com/luxfi/dex/pkg/lx/orderbook.go:791.57,793.35 1 0
github.com/luxfi/dex/pkg/lx/orderbook.go:793.35,795.13 2 0
github.com/luxfi/dex/pkg/lx/orderbook.go:796.10,798.13 2 0
github.com/luxfi/dex/pkg/lx/orderbook.go:803.3,810.50 6 1
github.com/luxfi/dex/pkg/lx/orderbook.go:810.50,813.4 2 1
github.com/luxfi/dex/pkg/lx/orderbook.go:813.9,816.4 2 1
github.com/luxfi/dex/pkg/lx/orderbook.go:827.3,847.21 7 1
github.com/luxfi/dex/pkg/lx/orderbook.go:847.21,850.4 2 1
github.com/luxfi/dex/pkg/lx/orderbook.go:850.9,852.4 1 1
github.com/luxfi/dex/pkg/lx/orderbook.go:854.3,854.21 1 1
github.com/luxfi/dex/pkg/lx/orderbook.go:854.21,857.4 2 1
github.com/luxfi/dex/pkg/lx/orderbook.go:857.9,859.4 1 1
github.com/luxfi/dex/pkg/lx/orderbook.go:862.3,862.39 1 1
github.com/luxfi/dex/pkg/lx/orderbook.go:862.39,864.4 1 1
github.com/luxfi/dex/pkg/lx/orderbook.go:866.3,870.30 3 1
github.com/luxfi/dex/pkg/lx/orderbook.go:870.30,872.4 1 0
github.com/luxfi/dex/pkg/lx/orderbook.go:876.2,876.41 1 1
github.com/luxfi/dex/pkg/lx/orderbook.go:876.41,878.3 1 1
github.com/luxfi/dex/pkg/lx/orderbook.go:879.2,879.15 1 1
github.com/luxfi/dex/pkg/lx/orderbook.go:883.56,884.18 1 1
github.com/luxfi/dex/pkg/lx/orderbook.go:884.18,886.3 1 1
github.com/luxfi/dex/pkg/lx/orderbook.go:888.2,888.68 1 1
github.com/luxfi/dex/pkg/lx/orderbook.go:888.68,890.3 1 1
github.com/luxfi/dex/pkg/lx/orderbook.go:892.2,892.48 1 1
github.com/luxfi/dex/pkg/lx/orderbook.go:892.48,894.3 1 0
github.com/luxfi/dex/pkg/lx/orderbook.go:895.2,895.21 1 1
github.com/luxfi/dex/pkg/lx/orderbook.go:895.21,897.3 1 1
github.com/luxfi/dex/pkg/lx/orderbook.go:899.2,899.32 1 1
github.com/luxfi/dex/pkg/lx/orderbook.go:899.32,901.3 1 0
github.com/luxfi/dex/pkg/lx/orderbook.go:902.2,902.36 1 1
github.com/luxfi/dex/pkg/lx/orderbook.go:902.36,904.3 1 0
github.com/luxfi/dex/pkg/lx/orderbook.go:905.2,905.12 1 1
github.com/luxfi/dex/pkg/lx/orderbook.go:908.56,910.23 2 1
github.com/luxfi/dex/pkg/lx/orderbook.go:910.23,912.3 1 1
github.com/luxfi/dex/pkg/lx/orderbook.go:912.8,914.3 1 1
github.com/luxfi/dex/pkg/lx/orderbook.go:916.2,917.22 2 1
github.com/luxfi/dex/pkg/lx/orderbook.go:917.22,919.3 1 1
github.com/luxfi/dex/pkg/lx/orderbook.go:922.2,923.21 2 1
github.com/luxfi/dex/pkg/lx/orderbook.go:923.21,925.3 1 1
github.com/luxfi/dex/pkg/lx/orderbook.go:927.2,928.20 2 1
github.com/luxfi/dex/pkg/lx/orderbook.go:928.20,930.3 1 1
github.com/luxfi/dex/pkg/lx/orderbook.go:932.2,932.46 1 1
github.com/luxfi/dex/pkg/lx/orderbook.go:932.46,933.58 1 1
github.com/luxfi/dex/pkg/lx/orderbook.go:933.58,935.4 1 1
github.com/luxfi/dex/pkg/lx/orderbook.go:936.3,936.59 1 1
github.com/luxfi/dex/pkg/lx/orderbook.go:936.59,938.4 1 1
github.com/luxfi/dex/pkg/lx/orderbook.go:941.2,941.14 1 1
github.com/luxfi/dex/pkg/lx/orderbook.go:944.60,946.23 2 1
github.com/luxfi/dex/pkg/lx/orderbook.go:946.23,948.3 1 0
github.com/luxfi/dex/pkg/lx/orderbook.go:948.8,950.3 1 1
github.com/luxfi/dex/pkg/lx/orderbook.go:952.2,953.22 2 1
github.com/luxfi/dex/pkg/lx/orderbook.go:953.22,955.3 1 0
github.com/luxfi/dex/pkg/lx/orderbook.go:957.2,957.57 1 1
github.com/luxfi/dex/pkg/lx/orderbook.go:957.57,959.3 1 0
github.com/luxfi/dex/pkg/lx/orderbook.go:960.2,960.58 1 1
github.com/luxfi/dex/pkg/lx/orderbook.go:960.58,962.3 1 1
github.com/luxfi/dex/pkg/lx/orderbook.go:964.2,964.14 1 1
github.com/luxfi/dex/pkg/lx/orderbook.go:967.56,969.23 2 1
github.com/luxfi/dex/pkg/lx/orderbook.go:969.23,971.3 1 1
github.com/luxfi/dex/pkg/lx/orderbook.go:971.8,973.3 1 1
github.com/luxfi/dex/pkg/lx/orderbook.go:980.56,985.13 4 1
github.com/luxfi/dex/pkg/lx/orderbook.go:985.13,987.3 1 1
github.com/luxfi/dex/pkg/lx/orderbook.go:989.2,989.61 1 1
github.com/luxfi/dex/pkg/lx/orderbook.go:989.61,991.3 1 1
github.com/luxfi/dex/pkg/lx/orderbook.go:993.2,994.12 2 1
github.com/luxfi/dex/pkg/lx/orderbook.go:998.79,1003.13 4 0
github.com/luxfi/dex/pkg/lx/orderbook.go:1003.13,1005.3 1 0
github.com/luxfi/dex/pkg/lx/orderbook.go:1008.2,1009.22 2 0
github.com/luxfi/dex/pkg/lx/orderbook.go:1009.22,1011.3 1 0
github.com/luxfi/dex/pkg/lx/orderbook.go:1012.2,1012.46 1 0
github.com/luxfi/dex/pkg/lx/orderbook.go:1012.46,1014.3 1 0
github.com/luxfi/dex/pkg/lx/orderbook.go:1016.2,1016.61 1 0
github.com/luxfi/dex/pkg/lx/orderbook.go:1016.61,1018.3 1 0
github.com/luxfi/dex/pkg/lx/orderbook.go:1020.2,1021.12 2 0
github.com/luxfi/dex/pkg/lx/orderbook.go:1025.83,1030.18 3 1
github.com/luxfi/dex/pkg/lx/orderbook.go:1030.18,1032.3 1 1
github.com/luxfi/dex/pkg/lx/orderbook.go:1033.2,1033.17 1 1
github.com/luxfi/dex/pkg/lx/orderbook.go:1033.17,1035.3 1 1
github.com/luxfi/dex/pkg/lx/orderbook.go:1037.2,1038.13 2 1
github.com/luxfi/dex/pkg/lx/orderbook.go:1038.13,1040.3 1 1
github.com/luxfi/dex/pkg/lx/orderbook.go:1042.2,1042.61 1 1
github.com/luxfi/dex/pkg/lx/orderbook.go:1042.61,1044.3 1 0
github.com/luxfi/dex/pkg/lx/orderbook.go:1047.2,1047.23 1 1
github.com/luxfi/dex/pkg/lx/orderbook.go:1047.23,1049.3 1 1
github.com/luxfi/dex/pkg/lx/orderbook.go:1049.8,1051.3 1 0
github.com/luxfi/dex/pkg/lx/orderbook.go:1054.2,1059.23 4 1
github.com/luxfi/dex/pkg/lx/orderbook.go:1059.23,1061.3 1 1
github.com/luxfi/dex/pkg/lx/orderbook.go:1061.8,1063.3 1 0
github.com/luxfi/dex/pkg/lx/orderbook.go:1065.2,1065.12 1 1
github.com/luxfi/dex/pkg/lx/orderbook.go:1069.54,1073.49 3 1
github.com/luxfi/dex/pkg/lx/orderbook.go:1073.49,1075.3 1 1
github.com/luxfi/dex/pkg/lx/orderbook.go:1078.2,1078.55 1 1
github.com/luxfi/dex/pkg/lx/orderbook.go:1078.55,1079.36 1 0
github.com/luxfi/dex/pkg/lx/orderbook.go:1079.36,1081.4 1 0
github.com/luxfi/dex/pkg/lx/orderbook.go:1084.2,1084.12 1 1
github.com/luxfi/dex/pkg/lx/orderbook.go:1088.42,1093.34 4 1
github.com/luxfi/dex/pkg/lx/orderbook.go:1093.34,1095.3 1 1
github.com/luxfi/dex/pkg/lx/orderbook.go:1096.2,1096.15 1 1
github.com/luxfi/dex/pkg/lx/orderbook.go:1100.55,1109.34 6 1
github.com/luxfi/dex/pkg/lx/orderbook.go:1109.34,1114.3 1 1
github.com/luxfi/dex/pkg/lx/orderbook.go:1116.2,1117.34 2 1
github.com/luxfi/dex/pkg/lx/orderbook.go:1117.34,1122.3 1 1
github.com/luxfi/dex/pkg/lx/orderbook.go:1124.2,1130.3 1 1
github.com/luxfi/dex/pkg/lx/orderbook.go:1134.59,1145.2 3 1
github.com/luxfi/dex/pkg/lx/orderbook.go:1147.58,1153.16 4 1
github.com/luxfi/dex/pkg/lx/orderbook.go:1153.16,1155.3 1 0
github.com/luxfi/dex/pkg/lx/orderbook.go:1157.2,1161.41 3 1
github.com/luxfi/dex/pkg/lx/orderbook.go:1161.41,1162.27 1 1
github.com/luxfi/dex/pkg/lx/orderbook.go:1162.27,1164.4 1 1
github.com/luxfi/dex/pkg/lx/orderbook.go:1168.2,1168.22 1 1
github.com/luxfi/dex/pkg/lx/orderbook.go:1168.22,1170.3 1 1
github.com/luxfi/dex/pkg/lx/orderbook.go:1170.8,1172.3 1 1
github.com/luxfi/dex/pkg/lx/orderbook.go:1175.2,1175.31 1 1
github.com/luxfi/dex/pkg/lx/orderbook.go:1175.31,1176.30 1 1
github.com/luxfi/dex/pkg/lx/orderbook.go:1176.30,1177.9 1 1
github.com/luxfi/dex/pkg/lx/orderbook.go:1179.3,1180.58 2 1
github.com/luxfi/dex/pkg/lx/orderbook.go:1180.58,1186.4 1 1
github.com/luxfi/dex/pkg/lx/orderbook.go:1189.2,1189.15 1 1
github.com/luxfi/dex/pkg/lx/orderbook.go:1193.63,1208.2 6 1
github.com/luxfi/dex/pkg/lx/orderbook.go:1210.54,1218.41 5 1
github.com/luxfi/dex/pkg/lx/orderbook.go:1218.41,1219.27 1 1
github.com/luxfi/dex/pkg/lx/orderbook.go:1219.27,1221.4 1 1
github.com/luxfi/dex/pkg/lx/orderbook.go:1224.2,1224.22 1 1
github.com/luxfi/dex/pkg/lx/orderbook.go:1224.22,1226.3 1 1
github.com/luxfi/dex/pkg/lx/orderbook.go:1226.8,1228.3 1 1
github.com/luxfi/dex/pkg/lx/orderbook.go:1231.2,1231.31 1 1
github.com/luxfi/dex/pkg/lx/orderbook.go:1231.31,1233.58 2 1
github.com/luxfi/dex/pkg/lx/orderbook.go:1233.58,1235.39 2 1
github.com/luxfi/dex/pkg/lx/orderbook.go:1235.39,1236.64 1 1
github.com/luxfi/dex/pkg/lx/orderbook.go:1236.64,1238.33 2 1
github.com/luxfi/dex/pkg/lx/orderbook.go:1238.33,1240.7 1 1
github.com/luxfi/dex/pkg/lx/orderbook.go:1241.6,1247.8 1 1
github.com/luxfi/dex/pkg/lx/orderbook.go:1250.4,1250.22 1 1
github.com/luxfi/dex/pkg/lx/orderbook.go:1254.2,1254.15 1 1
github.com/luxfi/dex/pkg/lx/orderbook.go:1258.43,1260.2 1 1
github.com/luxfi/dex/pkg/lx/orderbook.go:1263.43,1265.2 1 1
github.com/luxfi/dex/pkg/lx/orderbook.go:1268.43,1270.17 2 1
github.com/luxfi/dex/pkg/lx/orderbook.go:1270.17,1272.3 1 0
github.com/luxfi/dex/pkg/lx/orderbook.go:1273.2,1274.23 2 1
github.com/luxfi/dex/pkg/lx/orderbook.go:1274.23,1276.3 1 1
github.com/luxfi/dex/pkg/lx/orderbook.go:1277.2,1277.48 1 1
github.com/luxfi/dex/pkg/lx/orderbook.go:1281.43,1283.17 2 1
github.com/luxfi/dex/pkg/lx/orderbook.go:1283.17,1285.3 1 0
github.com/luxfi/dex/pkg/lx/orderbook.go:1286.2,1287.23 2 1
github.com/luxfi/dex/pkg/lx/orderbook.go:1287.23,1289.3 1 1
github.com/luxfi/dex/pkg/lx/orderbook.go:1290.2,1290.48 1 1
github.com/luxfi/dex/pkg/lx/orderbook.go:1294.56,1299.2 1 1
github.com/luxfi/dex/pkg/lx/orderbook.go:1301.42,1302.20 1 1
github.com/luxfi/dex/pkg/lx/orderbook.go:1302.20,1309.3 2 1
github.com/luxfi/dex/pkg/lx/orderbook.go:1312.2,1312.32 1 1
github.com/luxfi/dex/pkg/lx/orderbook.go:1315.42,1317.64 1 1
github.com/luxfi/dex/pkg/lx/orderbook.go:1317.64,1319.3 1 1
github.com/luxfi/dex/pkg/lx/orderbook.go:1322.36,1323.38 1 1
github.com/luxfi/dex/pkg/lx/orderbook.go:1323.38,1325.3 1 1
github.com/luxfi/dex/pkg/lx/orderbook.go:1327.2,1327.24 1 1
github.com/luxfi/dex/pkg/lx/orderbook.go:1330.36,1331.38 1 1
github.com/luxfi/dex/pkg/lx/orderbook.go:1331.38,1333.3 1 1
github.com/luxfi/dex/pkg/lx/orderbook.go:1335.2,1335.34 1 1
github.com/luxfi/dex/pkg/lx/orderbook.go:1338.69,1340.17 1 1
github.com/luxfi/dex/pkg/lx/orderbook.go:1340.17,1344.68 3 1
github.com/luxfi/dex/pkg/lx/orderbook.go:1344.68,1346.4 1 1
github.com/luxfi/dex/pkg/lx/orderbook.go:1351.50,1358.40 5 1
github.com/luxfi/dex/pkg/lx/orderbook.go:1358.40,1360.3 1 1
github.com/luxfi/dex/pkg/lx/orderbook.go:1360.8,1362.3 1 1
github.com/luxfi/dex/pkg/lx/orderbook.go:1365.62,1369.27 3 1
github.com/luxfi/dex/pkg/lx/orderbook.go:1369.27,1371.3 1 0
github.com/luxfi/dex/pkg/lx/orderbook.go:1373.2,1376.29 3 1
github.com/luxfi/dex/pkg/lx/orderbook.go:1376.29,1379.3 2 1
github.com/luxfi/dex/pkg/lx/orderbook.go:1381.2,1381.15 1 1
github.com/luxfi/dex/pkg/lx/orderbook.go:1392.43,1392.60 1 1
github.com/luxfi/dex/pkg/lx/orderbook.go:1393.43,1393.65 1 1
github.com/luxfi/dex/pkg/lx/orderbook.go:1394.43,1394.70 1 1
github.com/luxfi/dex/pkg/lx/orderbook.go:1395.38,1396.16 1 1
github.com/luxfi/dex/pkg/lx/orderbook.go:1396.16,1398.3 1 1
github.com/luxfi/dex/pkg/lx/orderbook.go:1399.2,1399.10 1 0
github.com/luxfi/dex/pkg/lx/orderbook.go:1402.44,1404.2 1 1
github.com/luxfi/dex/pkg/lx/orderbook.go:1406.42,1412.2 5 1
github.com/luxfi/dex/pkg/lx/orderbook.go:1416.43,1416.60 1 1
github.com/luxfi/dex/pkg/lx/orderbook.go:1417.43,1417.65 1 1
github.com/luxfi/dex/pkg/lx/orderbook.go:1418.43,1418.70 1 1
github.com/luxfi/dex/pkg/lx/orderbook.go:1419.38,1420.16 1 1
github.com/luxfi/dex/pkg/lx/orderbook.go:1420.16,1422.3 1 1
github.com/luxfi/dex/pkg/lx/orderbook.go:1423.2,1423.10 1 0
github.com/luxfi/dex/pkg/lx/orderbook.go:1426.44,1428.2 1 1
github.com/luxfi/dex/pkg/lx/orderbook.go:1430.42,1436.2 5 1
github.com/luxfi/dex/pkg/lx/orderbook.go:1439.58,1443.2 3 1
github.com/luxfi/dex/pkg/lx/orderbook.go:1446.60,1449.37 3 1
github.com/luxfi/dex/pkg/lx/orderbook.go:1449.37,1450.16 1 1
github.com/luxfi/dex/pkg/lx/orderbook.go:1450.16,1452.9 2 1
github.com/luxfi/dex/pkg/lx/orderbook.go:1458.61,1461.36 3 1
github.com/luxfi/dex/pkg/lx/orderbook.go:1461.36,1462.10 1 0
github.com/luxfi/dex/pkg/lx/orderbook.go:1463.21,1463.21 0 0
github.com/luxfi/dex/pkg/lx/orderbook.go:1464.11,1464.11 0 0
github.com/luxfi/dex/pkg/lx/orderbook.go:1471.30,1487.2 14 1
github.com/luxfi/dex/pkg/lx/orderbook_advanced.go:111.30,111.47 1 1
github.com/luxfi/dex/pkg/lx/orderbook_advanced.go:112.40,115.22 1 1
github.com/luxfi/dex/pkg/lx/orderbook_advanced.go:115.22,116.31 1 1
github.com/luxfi/dex/pkg/lx/orderbook_advanced.go:116.31,118.4 1 1
github.com/luxfi/dex/pkg/lx/orderbook_advanced.go:119.8,120.31 1 1
github.com/luxfi/dex/pkg/lx/orderbook_advanced.go:120.31,122.4 1 1
github.com/luxfi/dex/pkg/lx/orderbook_advanced.go:125.2,125.48 1 0
github.com/luxfi/dex/pkg/lx/orderbook_advanced.go:127.35,127.62 1 1
github.com/luxfi/dex/pkg/lx/orderbook_advanced.go:128.41,130.2 1 1
github.com/luxfi/dex/pkg/lx/orderbook_advanced.go:131.39,137.2 5 1
github.com/luxfi/dex/pkg/lx/orderbook_advanced.go:140.61,162.2 5 1
github.com/luxfi/dex/pkg/lx/orderbook_advanced.go:165.80,170.50 3 1
github.com/luxfi/dex/pkg/lx/orderbook_advanced.go:170.50,173.3 2 0
github.com/luxfi/dex/pkg/lx/orderbook_advanced.go:176.2,183.20 6 1
github.com/luxfi/dex/pkg/lx/orderbook_advanced.go:184.14,185.40 1 1
github.com/luxfi/dex/pkg/lx/orderbook_advanced.go:186.13,187.39 1 1
github.com/luxfi/dex/pkg/lx/orderbook_advanced.go:188.23,189.33 1 1
github.com/luxfi/dex/pkg/lx/orderbook_advanced.go:190.15,191.41 1 1
github.com/luxfi/dex/pkg/lx/orderbook_advanced.go:192.11,193.40 1 1
github.com/luxfi/dex/pkg/lx/orderbook_advanced.go:194.15,195.41 1 0
github.com/luxfi/dex/pkg/lx/orderbook_advanced.go:196.10,197.67 1 1
github.com/luxfi/dex/pkg/lx/orderbook_advanced.go:202.90,206.23 3 1
github.com/luxfi/dex/pkg/lx/orderbook_advanced.go:206.23,208.3 1 0
github.com/luxfi/dex/pkg/lx/orderbook_advanced.go:208.8,210.3 1 1
github.com/luxfi/dex/pkg/lx/orderbook_advanced.go:213.2,213.56 1 1
github.com/luxfi/dex/pkg/lx/orderbook_advanced.go:213.56,217.23 2 1
github.com/luxfi/dex/pkg/lx/orderbook_advanced.go:217.23,219.12 2 0
github.com/luxfi/dex/pkg/lx/orderbook_advanced.go:223.3,227.35 3 1
github.com/luxfi/dex/pkg/lx/orderbook_advanced.go:227.35,231.4 3 0
github.com/luxfi/dex/pkg/lx/orderbook_advanced.go:233.3,233.31 1 1
github.com/luxfi/dex/pkg/lx/orderbook_advanced.go:233.31,235.9 2 1
github.com/luxfi/dex/pkg/lx/orderbook_advanced.go:240.2,240.29 1 1
github.com/luxfi/dex/pkg/lx/orderbook_advanced.go:240.29,242.3 1 0
github.com/luxfi/dex/pkg/lx/orderbook_advanced.go:244.2,245.20 2 1
github.com/luxfi/dex/pkg/lx/orderbook_advanced.go:249.89,254.74 3 1
github.com/luxfi/dex/pkg/lx/orderbook_advanced.go:254.74,256.3 1 0
github.com/luxfi/dex/pkg/lx/orderbook_advanced.go:256.8,256.82 1 1
github.com/luxfi/dex/pkg/lx/orderbook_advanced.go:256.82,258.3 1 0
github.com/luxfi/dex/pkg/lx/orderbook_advanced.go:261.2,261.32 1 1
github.com/luxfi/dex/pkg/lx/orderbook_advanced.go:261.32,264.3 2 0
github.com/luxfi/dex/pkg/lx/orderbook_advanced.go:267.2,267.14 1 1
github.com/luxfi/dex/pkg/lx/orderbook_advanced.go:267.14,269.3 1 0
github.com/luxfi/dex/pkg/lx/orderbook_advanced.go:272.2,272.29 1 1
github.com/luxfi/dex/pkg/lx/orderbook_advanced.go:272.29,273.35 1 1
github.com/luxfi/dex/pkg/lx/orderbook_advanced.go:273.35,275.4 1 0
github.com/luxfi/dex/pkg/lx/orderbook_advanced.go:275.9,275.78 1 1
github.com/luxfi/dex/pkg/lx/orderbook_advanced.go:275.78,281.4 4 0
github.com/luxfi/dex/pkg/lx/orderbook_advanced.go:281.9,283.4 1 1
github.com/luxfi/dex/pkg/lx/orderbook_advanced.go:286.2,289.20 3 1
github.com/luxfi/dex/pkg/lx/orderbook_advanced.go:293.83,299.35 4 1
github.com/luxfi/dex/pkg/lx/orderbook_advanced.go:299.35,301.3 1 0
github.com/luxfi/dex/pkg/lx/orderbook_advanced.go:303.2,303.17 1 1
github.com/luxfi/dex/pkg/lx/orderbook_advanced.go:307.91,322.2 5 1
github.com/luxfi/dex/pkg/lx/orderbook_advanced.go:325.90,332.29 4 0
github.com/luxfi/dex/pkg/lx/orderbook_advanced.go:332.29,334.3 1 0
github.com/luxfi/dex/pkg/lx/orderbook_advanced.go:336.2,336.20 1 0
github.com/luxfi/dex/pkg/lx/orderbook_advanced.go:340.90,342.23 1 1
github.com/luxfi/dex/pkg/lx/orderbook_advanced.go:342.23,344.3 1 1
github.com/luxfi/dex/pkg/lx/orderbook_advanced.go:344.8,346.3 1 0
github.com/luxfi/dex/pkg/lx/orderbook_advanced.go:348.2,348.38 1 1
github.com/luxfi/dex/pkg/lx/orderbook_advanced.go:352.91,354.24 1 0
github.com/luxfi/dex/pkg/lx/orderbook_advanced.go:354.24,356.3 1 0
github.com/luxfi/dex/pkg/lx/orderbook_advanced.go:356.8,358.3 1 0
github.com/luxfi/dex/pkg/lx/orderbook_advanced.go:360.2,361.32 2 0
github.com/luxfi/dex/pkg/lx/orderbook_advanced.go:365.73,369.23 3 0
github.com/luxfi/dex/pkg/lx/orderbook_advanced.go:369.23,371.3 1 0
github.com/luxfi/dex/pkg/lx/orderbook_advanced.go:371.8,373.3 1 0
github.com/luxfi/dex/pkg/lx/orderbook_advanced.go:375.2,375.56 1 0
github.com/luxfi/dex/pkg/lx/orderbook_advanced.go:375.56,379.26 2 0
github.com/luxfi/dex/pkg/lx/orderbook_advanced.go:379.26,380.58 1 0
github.com/luxfi/dex/pkg/lx/orderbook_advanced.go:380.58,381.10 1 0
github.com/luxfi/dex/pkg/lx/orderbook_advanced.go:383.4,383.59 1 0
github.com/luxfi/dex/pkg/lx/orderbook_advanced.go:383.59,384.10 1 0
github.com/luxfi/dex/pkg/lx/orderbook_advanced.go:389.3,389.63 1 0
github.com/luxfi/dex/pkg/lx/orderbook_advanced.go:389.63,391.12 2 0
github.com/luxfi/dex/pkg/lx/orderbook_advanced.go:395.3,399.35 3 0
github.com/luxfi/dex/pkg/lx/orderbook_advanced.go:399.35,405.67 4 0
github.com/luxfi/dex/pkg/lx/orderbook_advanced.go:405.67,407.5 1 0
github.com/luxfi/dex/pkg/lx/orderbook_advanced.go:411.2,411.15 1 0
github.com/luxfi/dex/pkg/lx/orderbook_advanced.go:415.80,434.30 13 1
github.com/luxfi/dex/pkg/lx/orderbook_advanced.go:434.30,436.3 1 1
github.com/luxfi/dex/pkg/lx/orderbook_advanced.go:436.8,438.3 1 0
github.com/luxfi/dex/pkg/lx/orderbook_advanced.go:440.2,440.30 1 1
github.com/luxfi/dex/pkg/lx/orderbook_advanced.go:440.30,442.3 1 0
github.com/luxfi/dex/pkg/lx/orderbook_advanced.go:442.8,444.3 1 1
github.com/luxfi/dex/pkg/lx/orderbook_advanced.go:447.2,456.24 2 1
github.com/luxfi/dex/pkg/lx/orderbook_advanced.go:456.24,459.3 2 1
github.com/luxfi/dex/pkg/lx/orderbook_advanced.go:462.2,474.14 8 1
github.com/luxfi/dex/pkg/lx/orderbook_advanced.go:478.64,481.23 2 1
github.com/luxfi/dex/pkg/lx/orderbook_advanced.go:481.23,484.19 3 1
github.com/luxfi/dex/pkg/lx/orderbook_advanced.go:484.19,491.4 2 1
github.com/luxfi/dex/pkg/lx/orderbook_advanced.go:492.3,502.50 3 1
github.com/luxfi/dex/pkg/lx/orderbook_advanced.go:503.8,506.19 3 1
github.com/luxfi/dex/pkg/lx/orderbook_advanced.go:506.19,513.4 2 1
github.com/luxfi/dex/pkg/lx/orderbook_advanced.go:514.3,524.50 3 1
github.com/luxfi/dex/pkg/lx/orderbook_advanced.go:527.2,527.26 1 1
github.com/luxfi/dex/pkg/lx/orderbook_advanced.go:531.66,536.13 4 1
github.com/luxfi/dex/pkg/lx/orderbook_advanced.go:536.13,538.60 1 0
github.com/luxfi/dex/pkg/lx/orderbook_advanced.go:538.60,542.4 3 0
github.com/luxfi/dex/pkg/lx/orderbook_advanced.go:543.3,543.39 1 0
github.com/luxfi/dex/pkg/lx/orderbook_advanced.go:546.2,561.12 10 1
github.com/luxfi/dex/pkg/lx/orderbook_advanced.go:565.93,570.13 4 1
github.com/luxfi/dex/pkg/lx/orderbook_advanced.go:570.13,572.3 1 0
github.com/luxfi/dex/pkg/lx/orderbook_advanced.go:575.2,589.12 9 1
github.com/luxfi/dex/pkg/lx/orderbook_advanced.go:593.69,595.23 1 1
github.com/luxfi/dex/pkg/lx/orderbook_advanced.go:595.23,596.35 1 1
github.com/luxfi/dex/pkg/lx/orderbook_advanced.go:596.35,597.24 1 1
github.com/luxfi/dex/pkg/lx/orderbook_advanced.go:597.24,599.10 2 1
github.com/luxfi/dex/pkg/lx/orderbook_advanced.go:603.3,603.57 1 1
github.com/luxfi/dex/pkg/lx/orderbook_advanced.go:603.57,605.35 2 1
github.com/luxfi/dex/pkg/lx/orderbook_advanced.go:605.35,606.25 1 1
github.com/luxfi/dex/pkg/lx/orderbook_advanced.go:606.25,608.11 2 1
github.com/luxfi/dex/pkg/lx/orderbook_advanced.go:611.4,611.30 1 1
github.com/luxfi/dex/pkg/lx/orderbook_advanced.go:611.30,613.5 1 1
github.com/luxfi/dex/pkg/lx/orderbook_advanced.go:615.8,616.35 1 0
github.com/luxfi/dex/pkg/lx/orderbook_advanced.go:616.35,617.24 1 0
github.com/luxfi/dex/pkg/lx/orderbook_advanced.go:617.24,619.10 2 0
github.com/luxfi/dex/pkg/lx/orderbook_advanced.go:623.3,623.57 1 0
github.com/luxfi/dex/pkg/lx/orderbook_advanced.go:623.57,625.35 2 0
github.com/luxfi/dex/pkg/lx/orderbook_advanced.go:625.35,626.25 1 0
github.com/luxfi/dex/pkg/lx/orderbook_advanced.go:626.25,628.11 2 0
github.com/luxfi/dex/pkg/lx/orderbook_advanced.go:631.4,631.30 1 0
github.com/luxfi/dex/pkg/lx/orderbook_advanced.go:631.30,633.5 1 0
github.com/luxfi/dex/pkg/lx/orderbook_advanced.go:639.62,640.40 1 1
github.com/luxfi/dex/pkg/lx/orderbook_advanced.go:640.40,641.36 1 0
github.com/luxfi/dex/pkg/lx/orderbook_advanced.go:641.36,643.4 1 0
github.com/luxfi/dex/pkg/lx/orderbook_advanced.go:648.77,649.23 1 1
github.com/luxfi/dex/pkg/lx/orderbook_advanced.go:649.23,651.3 1 1
github.com/luxfi/dex/pkg/lx/orderbook_advanced.go:652.2,652.42 1 0
github.com/luxfi/dex/pkg/lx/orderbook_advanced.go:656.83,659.24 2 0
github.com/luxfi/dex/pkg/lx/orderbook_advanced.go:659.24,661.3 1 0
github.com/luxfi/dex/pkg/lx/orderbook_advanced.go:661.8,663.3 1 0
github.com/luxfi/dex/pkg/lx/orderbook_advanced.go:665.2,665.29 1 0
github.com/luxfi/dex/pkg/lx/orderbook_advanced.go:669.71,670.40 1 1
github.com/luxfi/dex/pkg/lx/orderbook_advanced.go:670.40,671.28 1 0
github.com/luxfi/dex/pkg/lx/orderbook_advanced.go:671.28,672.12 1 0
github.com/luxfi/dex/pkg/lx/orderbook_advanced.go:675.3,675.25 1 0
github.com/luxfi/dex/pkg/lx/orderbook_advanced.go:675.25,677.33 2 0
github.com/luxfi/dex/pkg/lx/orderbook_advanced.go:677.33,679.5 1 0
github.com/luxfi/dex/pkg/lx/orderbook_advanced.go:680.9,682.33 2 0
github.com/luxfi/dex/pkg/lx/orderbook_advanced.go:682.33,684.5 1 0
github.com/luxfi/dex/pkg/lx/orderbook_advanced.go:690.90,691.32 1 0
github.com/luxfi/dex/pkg/lx/orderbook_advanced.go:691.32,693.3 1 0
github.com/luxfi/dex/pkg/lx/orderbook_advanced.go:695.2,707.27 10 0
github.com/luxfi/dex/pkg/lx/orderbook_advanced.go:711.51,712.28 1 1
github.com/luxfi/dex/pkg/lx/orderbook_advanced.go:712.28,714.3 1 1
github.com/luxfi/dex/pkg/lx/orderbook_advanced.go:714.8,716.3 1 1
github.com/luxfi/dex/pkg/lx/orderbook_advanced.go:718.2,718.28 1 1
github.com/luxfi/dex/pkg/lx/orderbook_advanced.go:718.28,720.3 1 1
github.com/luxfi/dex/pkg/lx/orderbook_advanced.go:720.8,722.3 1 1
github.com/luxfi/dex/pkg/lx/orderbook_advanced.go:726.74,727.21 1 1
github.com/luxfi/dex/pkg/lx/orderbook_advanced.go:727.21,729.3 1 0
github.com/luxfi/dex/pkg/lx/orderbook_advanced.go:731.2,731.45 1 1
github.com/luxfi/dex/pkg/lx/orderbook_advanced.go:731.45,733.3 1 0
github.com/luxfi/dex/pkg/lx/orderbook_advanced.go:736.2,738.64 3 1
github.com/luxfi/dex/pkg/lx/orderbook_advanced.go:738.64,740.3 1 0
github.com/luxfi/dex/pkg/lx/orderbook_advanced.go:743.2,744.71 2 1
github.com/luxfi/dex/pkg/lx/orderbook_advanced.go:744.71,746.3 1 0
github.com/luxfi/dex/pkg/lx/orderbook_advanced.go:749.2,749.68 1 1
github.com/luxfi/dex/pkg/lx/orderbook_advanced.go:749.68,751.3 1 0
github.com/luxfi/dex/pkg/lx/orderbook_advanced.go:753.2,753.12 1 1
github.com/luxfi/dex/pkg/lx/orderbook_advanced.go:757.77,760.23 2 0
github.com/luxfi/dex/pkg/lx/orderbook_advanced.go:760.23,761.35 1 0
github.com/luxfi/dex/pkg/lx/orderbook_advanced.go:761.35,762.54 1 0
github.com/luxfi/dex/pkg/lx/orderbook_advanced.go:762.54,764.36 2 0
github.com/luxfi/dex/pkg/lx/orderbook_advanced.go:764.36,766.6 1 0
github.com/luxfi/dex/pkg/lx/orderbook_advanced.go:769.8,770.35 1 0
github.com/luxfi/dex/pkg/lx/orderbook_advanced.go:770.35,771.54 1 0
github.com/luxfi/dex/pkg/lx/orderbook_advanced.go:771.54,773.36 2 0
github.com/luxfi/dex/pkg/lx/orderbook_advanced.go:773.36,775.6 1 0
github.com/luxfi/dex/pkg/lx/orderbook_advanced.go:780.2,780.14 1 0
github.com/luxfi/dex/pkg/lx/orderbook_advanced.go:784.76,793.36 6 1
github.com/luxfi/dex/pkg/lx/orderbook_advanced.go:793.36,795.3 1 1
github.com/luxfi/dex/pkg/lx/orderbook_advanced.go:797.2,797.38 1 1
github.com/luxfi/dex/pkg/lx/orderbook_advanced.go:797.38,798.43 1 1
github.com/luxfi/dex/pkg/lx/orderbook_advanced.go:798.43,799.35 1 0
github.com/luxfi/dex/pkg/lx/orderbook_advanced.go:799.35,801.5 1 0
github.com/luxfi/dex/pkg/lx/orderbook_advanced.go:805.2,806.34 2 1
github.com/luxfi/dex/pkg/lx/orderbook_advanced.go:806.34,807.36 1 1
github.com/luxfi/dex/pkg/lx/orderbook_advanced.go:807.36,808.9 1 0
github.com/luxfi/dex/pkg/lx/orderbook_advanced.go:810.3,811.35 2 1
github.com/luxfi/dex/pkg/lx/orderbook_advanced.go:811.35,812.12 1 0
github.com/luxfi/dex/pkg/lx/orderbook_advanced.go:814.3,815.10 2 1
github.com/luxfi/dex/pkg/lx/orderbook_advanced.go:819.2,820.36 2 1
github.com/luxfi/dex/pkg/lx/orderbook_advanced.go:820.36,822.3 1 1
github.com/luxfi/dex/pkg/lx/orderbook_advanced.go:824.2,824.38 1 1
github.com/luxfi/dex/pkg/lx/orderbook_advanced.go:824.38,825.43 1 1
github.com/luxfi/dex/pkg/lx/orderbook_advanced.go:825.43,826.35 1 0
github.com/luxfi/dex/pkg/lx/orderbook_advanced.go:826.35,828.5 1 0
github.com/luxfi/dex/pkg/lx/orderbook_advanced.go:832.2,833.34 2 1
github.com/luxfi/dex/pkg/lx/orderbook_advanced.go:833.34,834.36 1 1
github.com/luxfi/dex/pkg/lx/orderbook_advanced.go:834.36,835.9 1 0
github.com/luxfi/dex/pkg/lx/orderbook_advanced.go:837.3,838.35 2 1
github.com/luxfi/dex/pkg/lx/orderbook_advanced.go:838.35,839.12 1 0
github.com/luxfi/dex/pkg/lx/orderbook_advanced.go:841.3,842.10 2 1
github.com/luxfi/dex/pkg/lx/orderbook_advanced.go:845.2,850.3 1 1
github.com/luxfi/dex/pkg/lx/orderbook_advanced.go:854.72,856.37 1 1
github.com/luxfi/dex/pkg/lx/orderbook_advanced.go:856.37,857.20 1 1
github.com/luxfi/dex/pkg/lx/orderbook_advanced.go:857.20,859.4 1 1
github.com/luxfi/dex/pkg/lx/orderbook_advanced.go:861.2,861.14 1 0
github.com/luxfi/dex/pkg/lx/orderbook_advanced.go:865.69,880.2 3 1
github.com/luxfi/dex/pkg/lx/orderbook_advanced.go:883.72,890.2 5 1
github.com/luxfi/dex/pkg/lx/orderbook_advanced.go:893.87,900.44 2 1
github.com/luxfi/dex/pkg/lx/orderbook_advanced.go:900.44,901.10 1 1
github.com/luxfi/dex/pkg/lx/orderbook_advanced.go:902.23,902.23 0 1
github.com/luxfi/dex/pkg/lx/orderbook_advanced.go:903.11,903.11 0 0
github.com/luxfi/dex/pkg/lx/orderbook_advanced.go:910.71,932.2 3 1
github.com/luxfi/dex/pkg/lx/orderbook_extended.go:57.61,65.2 1 1
github.com/luxfi/dex/pkg/lx/orderbook_extended.go:68.68,72.2 3 1
github.com/luxfi/dex/pkg/lx/orderbook_extended.go:75.70,79.46 3 1
github.com/luxfi/dex/pkg/lx/orderbook_extended.go:79.46,80.23 1 1
github.com/luxfi/dex/pkg/lx/orderbook_extended.go:80.23,82.9 2 1
github.com/luxfi/dex/pkg/lx/orderbook_extended.go:88.71,92.38 3 1
github.com/luxfi/dex/pkg/lx/orderbook_extended.go:92.38,93.10 1 1
github.com/luxfi/dex/pkg/lx/orderbook_extended.go:94.21,94.21 0 1
github.com/luxfi/dex/pkg/lx/orderbook_extended.go:95.11,95.11 0 0
github.com/luxfi/dex/pkg/lx/orderbook_extended.go:102.79,107.50 3 0
github.com/luxfi/dex/pkg/lx/orderbook_extended.go:107.50,109.3 1 0
github.com/luxfi/dex/pkg/lx/orderbook_extended.go:112.2,112.20 1 0
github.com/luxfi/dex/pkg/lx/orderbook_extended.go:113.23,114.34 1 0
github.com/luxfi/dex/pkg/lx/orderbook_extended.go:115.15,116.37 1 0
github.com/luxfi/dex/pkg/lx/orderbook_extended.go:117.14,118.36 1 0
github.com/luxfi/dex/pkg/lx/orderbook_extended.go:119.10,120.37 1 0
github.com/luxfi/dex/pkg/lx/orderbook_extended.go:125.66,126.18 1 1
github.com/luxfi/dex/pkg/lx/orderbook_extended.go:126.18,128.3 1 0
github.com/luxfi/dex/pkg/lx/orderbook_extended.go:130.2,130.21 1 1
github.com/luxfi/dex/pkg/lx/orderbook_extended.go:130.21,132.3 1 1
github.com/luxfi/dex/pkg/lx/orderbook_extended.go:134.2,134.45 1 1
github.com/luxfi/dex/pkg/lx/orderbook_extended.go:134.45,136.3 1 0
github.com/luxfi/dex/pkg/lx/orderbook_extended.go:139.2,139.58 1 1
github.com/luxfi/dex/pkg/lx/orderbook_extended.go:139.58,140.33 1 0
github.com/luxfi/dex/pkg/lx/orderbook_extended.go:140.33,142.4 1 0
github.com/luxfi/dex/pkg/lx/orderbook_extended.go:146.2,146.52 1 1
github.com/luxfi/dex/pkg/lx/orderbook_extended.go:146.52,148.3 1 0
github.com/luxfi/dex/pkg/lx/orderbook_extended.go:150.2,150.12 1 1
github.com/luxfi/dex/pkg/lx/orderbook_extended.go:154.66,157.37 2 1
github.com/luxfi/dex/pkg/lx/orderbook_extended.go:157.37,159.63 2 0
github.com/luxfi/dex/pkg/lx/orderbook_extended.go:159.63,161.28 1 0
github.com/luxfi/dex/pkg/lx/orderbook_extended.go:161.28,163.5 1 0
github.com/luxfi/dex/pkg/lx/orderbook_extended.go:164.4,164.63 1 0
github.com/luxfi/dex/pkg/lx/orderbook_extended.go:164.63,166.5 1 0
github.com/luxfi/dex/pkg/lx/orderbook_extended.go:167.4,167.64 1 0
github.com/luxfi/dex/pkg/lx/orderbook_extended.go:167.64,169.5 1 0
github.com/luxfi/dex/pkg/lx/orderbook_extended.go:173.2,173.14 1 1
github.com/luxfi/dex/pkg/lx/orderbook_extended.go:177.68,180.2 1 1
github.com/luxfi/dex/pkg/lx/orderbook_extended.go:183.75,184.23 1 1
github.com/luxfi/dex/pkg/lx/orderbook_extended.go:184.23,186.3 1 0
github.com/luxfi/dex/pkg/lx/orderbook_extended.go:186.8,188.3 1 1
github.com/luxfi/dex/pkg/lx/orderbook_extended.go:190.2,193.24 2 1
github.com/luxfi/dex/pkg/lx/orderbook_extended.go:193.24,195.3 1 0
github.com/luxfi/dex/pkg/lx/orderbook_extended.go:197.2,207.15 2 1
github.com/luxfi/dex/pkg/lx/orderbook_extended.go:211.78,228.2 5 1
github.com/luxfi/dex/pkg/lx/orderbook_extended.go:231.77,240.2 3 0
github.com/luxfi/dex/pkg/lx/orderbook_extended.go:243.78,245.27 1 1
github.com/luxfi/dex/pkg/lx/orderbook_extended.go:246.18,247.32 1 0
github.com/luxfi/dex/pkg/lx/orderbook_extended.go:247.32,249.4 1 0
github.com/luxfi/dex/pkg/lx/orderbook_extended.go:250.25,250.25 0 0
github.com/luxfi/dex/pkg/lx/orderbook_extended.go:255.2,258.44 2 1
github.com/luxfi/dex/pkg/lx/orderbook_extended.go:258.44,259.69 1 0
github.com/luxfi/dex/pkg/lx/orderbook_extended.go:259.69,261.4 1 0
github.com/luxfi/dex/pkg/lx/orderbook_extended.go:265.2,275.20 2 1
github.com/luxfi/dex/pkg/lx/orderbook_extended.go:279.64,281.23 2 0
github.com/luxfi/dex/pkg/lx/orderbook_extended.go:281.23,283.3 1 0
github.com/luxfi/dex/pkg/lx/orderbook_extended.go:283.8,285.3 1 0
github.com/luxfi/dex/pkg/lx/orderbook_extended.go:287.2,287.47 1 0
github.com/luxfi/dex/pkg/lx/orderbook_extended.go:287.47,289.3 1 0
github.com/luxfi/dex/pkg/lx/orderbook_extended.go:291.2,292.41 2 0
github.com/luxfi/dex/pkg/lx/orderbook_extended.go:292.41,295.53 1 0
github.com/luxfi/dex/pkg/lx/orderbook_extended.go:295.53,296.9 1 0
github.com/luxfi/dex/pkg/lx/orderbook_extended.go:298.3,298.54 1 0
github.com/luxfi/dex/pkg/lx/orderbook_extended.go:298.54,299.9 1 0
github.com/luxfi/dex/pkg/lx/orderbook_extended.go:302.3,302.43 1 0
github.com/luxfi/dex/pkg/lx/orderbook_extended.go:302.43,304.26 2 0
github.com/luxfi/dex/pkg/lx/orderbook_extended.go:304.26,306.5 1 0
github.com/luxfi/dex/pkg/lx/orderbook_extended.go:310.2,310.27 1 0
github.com/luxfi/dex/pkg/lx/orderbook_extended.go:314.68,326.2 4 1
github.com/luxfi/dex/pkg/lx/orderbook_extended.go:329.109,332.2 1 1
github.com/luxfi/dex/pkg/lx/orderbook_extended.go:335.64,343.34 6 1
github.com/luxfi/dex/pkg/lx/orderbook_extended.go:343.34,348.3 1 0
github.com/luxfi/dex/pkg/lx/orderbook_extended.go:350.2,351.34 2 1
github.com/luxfi/dex/pkg/lx/orderbook_extended.go:351.34,356.3 1 0
github.com/luxfi/dex/pkg/lx/orderbook_extended.go:358.2,368.17 3 1
github.com/luxfi/dex/pkg/lx/orderbook_extended.go:372.40,399.2 16 1
github.com/luxfi/dex/pkg/lx/orderbook_extended.go:402.72,407.53 3 1
github.com/luxfi/dex/pkg/lx/orderbook_extended.go:407.53,408.40 1 0
github.com/luxfi/dex/pkg/lx/orderbook_extended.go:408.40,410.30 1 0
github.com/luxfi/dex/pkg/lx/orderbook_extended.go:410.30,412.5 1 0
github.com/luxfi/dex/pkg/lx/orderbook_extended.go:412.10,415.5 2 0
github.com/luxfi/dex/pkg/lx/orderbook_extended.go:418.4,421.39 2 0
github.com/luxfi/dex/pkg/lx/orderbook_extended.go:426.2,426.54 1 1
github.com/luxfi/dex/pkg/lx/orderbook_extended.go:426.54,427.40 1 1
github.com/luxfi/dex/pkg/lx/orderbook_extended.go:427.40,429.30 1 0
github.com/luxfi/dex/pkg/lx/orderbook_extended.go:429.30,431.5 1 0
github.com/luxfi/dex/pkg/lx/orderbook_extended.go:431.10,434.5 2 0
github.com/luxfi/dex/pkg/lx/orderbook_extended.go:437.4,440.40 2 0
github.com/luxfi/dex/pkg/lx/orderbook_extended.go:446.67,448.48 2 0
github.com/luxfi/dex/pkg/lx/orderbook_extended.go:448.48,450.3 1 0
github.com/luxfi/dex/pkg/lx/orderbook_extended.go:453.2,454.45 2 0
github.com/luxfi/dex/pkg/lx/orderbook_extended.go:454.45,456.3 1 0
github.com/luxfi/dex/pkg/lx/orderbook_extended.go:459.2,460.26 2 0
github.com/luxfi/dex/pkg/lx/orderbook_extended.go:460.26,462.3 1 0
github.com/luxfi/dex/pkg/lx/orderbook_extended.go:465.2,481.25 6 0
github.com/luxfi/dex/pkg/lx/orderbook_extended.go:485.71,514.2 18 1
github.com/luxfi/dex/pkg/lx/orderbook_extended.go:517.75,520.2 1 1
github.com/luxfi/dex/pkg/lx/orderbook_extended.go:523.52,525.32 2 1
github.com/luxfi/dex/pkg/lx/orderbook_extended.go:525.32,527.3 1 0
github.com/luxfi/dex/pkg/lx/orderbook_extended.go:528.2,528.10 1 1
github.com/luxfi/dex/pkg/lx/orderbook_extended.go:532.54,534.32 2 1
github.com/luxfi/dex/pkg/lx/orderbook_extended.go:534.32,536.3 1 0
github.com/luxfi/dex/pkg/lx/orderbook_extended.go:537.2,537.10 1 1
github.com/luxfi/dex/pkg/lx/orderbook_extended.go:541.82,545.15 3 1
github.com/luxfi/dex/pkg/lx/orderbook_extended.go:545.15,547.3 1 0
github.com/luxfi/dex/pkg/lx/orderbook_extended.go:549.2,550.17 2 1
github.com/luxfi/dex/pkg/lx/orderbook_extended.go:550.17,552.3 1 1
github.com/luxfi/dex/pkg/lx/orderbook_extended.go:552.8,554.3 1 0
github.com/luxfi/dex/pkg/lx/orderbook_extended.go:556.2,556.47 1 1
github.com/luxfi/dex/pkg/lx/orderbook_extended.go:556.47,558.3 1 1
github.com/luxfi/dex/pkg/lx/orderbook_extended.go:560.2,565.41 4 0
github.com/luxfi/dex/pkg/lx/orderbook_extended.go:565.41,566.25 1 0
github.com/luxfi/dex/pkg/lx/orderbook_extended.go:566.25,567.9 1 0
github.com/luxfi/dex/pkg/lx/orderbook_extended.go:570.3,571.38 2 0
github.com/luxfi/dex/pkg/lx/orderbook_extended.go:571.38,573.4 1 0
github.com/luxfi/dex/pkg/lx/orderbook_extended.go:575.3,578.28 4 0
github.com/luxfi/dex/pkg/lx/orderbook_extended.go:581.2,581.20 1 0
github.com/luxfi/dex/pkg/lx/orderbook_extended.go:581.20,583.3 1 0
github.com/luxfi/dex/pkg/lx/orderbook_extended.go:585.2,585.23 1 0
github.com/luxfi/dex/pkg/lx/orderbook_extended.go:585.23,587.3 1 0
github.com/luxfi/dex/pkg/lx/orderbook_extended.go:589.2,589.36 1 0
github.com/luxfi/dex/pkg/lx/orderbook_extended.go:593.90,595.16 2 1
github.com/luxfi/dex/pkg/lx/orderbook_extended.go:595.16,597.3 1 1
github.com/luxfi/dex/pkg/lx/orderbook_extended.go:599.2,600.19 2 0
github.com/luxfi/dex/pkg/lx/orderbook_extended.go:600.19,602.3 1 0
github.com/luxfi/dex/pkg/lx/orderbook_extended.go:605.2,606.18 2 0
github.com/luxfi/dex/pkg/lx/orderbook_extended.go:606.18,608.3 1 0
github.com/luxfi/dex/pkg/lx/orderbook_extended.go:610.2,610.20 1 0
github.com/luxfi/dex/pkg/lx/orderbook_server.go:33.63,39.2 1 0
github.com/luxfi/dex/pkg/lx/orderbook_server.go:42.76,46.2 2 0
github.com/luxfi/dex/pkg/lx/orderbook_server.go:49.58,54.33 3 0
github.com/luxfi/dex/pkg/lx/orderbook_server.go:54.33,55.10 1 0
github.com/luxfi/dex/pkg/lx/orderbook_server.go:56.20,56.20 0 0
github.com/luxfi/dex/pkg/lx/orderbook_server.go:57.11,57.11 0 0
github.com/luxfi/dex/pkg/lx/orderbook_server.go:63.48,67.2 3 0
github.com/luxfi/dex/pkg/lx/orderbook_server.go:70.85,84.17 6 0
github.com/luxfi/dex/pkg/lx/orderbook_server.go:84.17,87.33 3 0
github.com/luxfi/dex/pkg/lx/orderbook_server.go:87.33,89.4 1 0
github.com/luxfi/dex/pkg/lx/orderbook_server.go:90.3,90.20 1 0
github.com/luxfi/dex/pkg/lx/orderbook_server.go:93.2,93.17 1 0
github.com/luxfi/dex/pkg/lx/orderbook_server.go:93.17,96.33 3 0
github.com/luxfi/dex/pkg/lx/orderbook_server.go:96.33,98.4 1 0
github.com/luxfi/dex/pkg/lx/orderbook_server.go:99.3,99.20 1 0
github.com/luxfi/dex/pkg/lx/orderbook_server.go:102.2,102.17 1 0
github.com/luxfi/dex/pkg/lx/orderbook_server.go:106.54,110.21 3 0
github.com/luxfi/dex/pkg/lx/orderbook_server.go:110.21,112.3 1 0
github.com/luxfi/dex/pkg/lx/orderbook_server.go:115.2,118.32 3 0
github.com/luxfi/dex/pkg/lx/orderbook_server.go:118.32,122.57 3 0
github.com/luxfi/dex/pkg/lx/orderbook_server.go:122.57,125.4 1 0
github.com/luxfi/dex/pkg/lx/orderbook_server.go:128.2,128.13 1 0
github.com/luxfi/dex/pkg/lx/orderbook_server.go:132.69,136.6 3 0
github.com/luxfi/dex/pkg/lx/orderbook_server.go:136.6,137.10 1 0
github.com/luxfi/dex/pkg/lx/orderbook_server.go:138.21,139.10 1 0
github.com/luxfi/dex/pkg/lx/orderbook_server.go:140.19,141.20 1 0
github.com/luxfi/dex/pkg/lx/orderbook_server.go:147.84,149.21 2 0
github.com/luxfi/dex/pkg/lx/orderbook_server.go:149.21,151.3 1 0
github.com/luxfi/dex/pkg/lx/orderbook_server.go:152.2,152.22 1 0
github.com/luxfi/dex/pkg/lx/perp_types.go:30.67,34.2 1 1
github.com/luxfi/dex/pkg/lx/pyth_source.go:57.65,71.2 1 1
github.com/luxfi/dex/pkg/lx/pyth_source.go:74.43,85.2 1 1
github.com/luxfi/dex/pkg/lx/pyth_source.go:88.44,93.20 3 1
github.com/luxfi/dex/pkg/lx/pyth_source.go:93.20,95.3 1 0
github.com/luxfi/dex/pkg/lx/pyth_source.go:98.2,103.16 3 1
github.com/luxfi/dex/pkg/lx/pyth_source.go:103.16,105.3 1 1
github.com/luxfi/dex/pkg/lx/pyth_source.go:107.2,118.34 6 1
github.com/luxfi/dex/pkg/lx/pyth_source.go:118.34,120.3 1 1
github.com/luxfi/dex/pkg/lx/pyth_source.go:122.2,122.12 1 1
github.com/luxfi/dex/pkg/lx/pyth_source.go:126.43,127.15 1 1
github.com/luxfi/dex/pkg/lx/pyth_source.go:127.15,132.3 4 0
github.com/luxfi/dex/pkg/lx/pyth_source.go:134.2,134.6 1 1
github.com/luxfi/dex/pkg/lx/pyth_source.go:134.6,135.10 1 1
github.com/luxfi/dex/pkg/lx/pyth_source.go:136.18,137.10 1 0
github.com/luxfi/dex/pkg/lx/pyth_source.go:138.11,141.18 3 1
github.com/luxfi/dex/pkg/lx/pyth_source.go:141.18,143.5 1 0
github.com/luxfi/dex/pkg/lx/pyth_source.go:145.4,145.25 1 1
github.com/luxfi/dex/pkg/lx/pyth_source.go:151.70,153.9 2 1
github.com/luxfi/dex/pkg/lx/pyth_source.go:153.9,155.3 1 0
github.com/luxfi/dex/pkg/lx/pyth_source.go:157.2,157.17 1 1
github.com/luxfi/dex/pkg/lx/pyth_source.go:158.22,159.28 1 1
github.com/luxfi/dex/pkg/lx/pyth_source.go:160.19,163.17 3 0
github.com/luxfi/dex/pkg/lx/pyth_source.go:168.74,170.9 2 1
github.com/luxfi/dex/pkg/lx/pyth_source.go:170.9,172.3 1 1
github.com/luxfi/dex/pkg/lx/pyth_source.go:174.2,175.9 2 0
github.com/luxfi/dex/pkg/lx/pyth_source.go:175.9,177.3 1 0
github.com/luxfi/dex/pkg/lx/pyth_source.go:180.2,181.35 2 0
github.com/luxfi/dex/pkg/lx/pyth_source.go:181.35,182.20 1 0
github.com/luxfi/dex/pkg/lx/pyth_source.go:182.20,184.9 2 0
github.com/luxfi/dex/pkg/lx/pyth_source.go:188.2,188.18 1 0
github.com/luxfi/dex/pkg/lx/pyth_source.go:188.18,190.3 1 0
github.com/luxfi/dex/pkg/lx/pyth_source.go:193.2,198.44 4 0
github.com/luxfi/dex/pkg/lx/pyth_source.go:198.44,200.3 1 0
github.com/luxfi/dex/pkg/lx/pyth_source.go:203.2,212.16 4 0
github.com/luxfi/dex/pkg/lx/pyth_source.go:216.72,221.13 4 1
github.com/luxfi/dex/pkg/lx/pyth_source.go:221.13,224.3 1 1
github.com/luxfi/dex/pkg/lx/pyth_source.go:227.2,227.56 1 0
github.com/luxfi/dex/pkg/lx/pyth_source.go:227.56,229.3 1 0
github.com/luxfi/dex/pkg/lx/pyth_source.go:231.2,231.19 1 0
github.com/luxfi/dex/pkg/lx/pyth_source.go:235.78,237.13 2 1
github.com/luxfi/dex/pkg/lx/pyth_source.go:237.13,239.3 1 1
github.com/luxfi/dex/pkg/lx/pyth_source.go:241.2,243.16 3 0
github.com/luxfi/dex/pkg/lx/pyth_source.go:243.16,245.3 1 0
github.com/luxfi/dex/pkg/lx/pyth_source.go:246.2,249.67 3 0
github.com/luxfi/dex/pkg/lx/pyth_source.go:249.67,251.3 1 0
github.com/luxfi/dex/pkg/lx/pyth_source.go:253.2,253.22 1 0
github.com/luxfi/dex/pkg/lx/pyth_source.go:253.22,255.3 1 0
github.com/luxfi/dex/pkg/lx/pyth_source.go:257.2,266.8 3 0
github.com/luxfi/dex/pkg/lx/pyth_source.go:270.87,273.33 2 1
github.com/luxfi/dex/pkg/lx/pyth_source.go:273.33,275.17 2 1
github.com/luxfi/dex/pkg/lx/pyth_source.go:275.17,277.4 1 0
github.com/luxfi/dex/pkg/lx/pyth_source.go:280.2,280.20 1 1
github.com/luxfi/dex/pkg/lx/pyth_source.go:284.59,288.30 3 1
github.com/luxfi/dex/pkg/lx/pyth_source.go:288.30,290.3 1 0
github.com/luxfi/dex/pkg/lx/pyth_source.go:292.2,293.40 2 1
github.com/luxfi/dex/pkg/lx/pyth_source.go:297.70,299.13 2 1
github.com/luxfi/dex/pkg/lx/pyth_source.go:299.13,301.3 1 1
github.com/luxfi/dex/pkg/lx/pyth_source.go:303.2,303.20 1 1
github.com/luxfi/dex/pkg/lx/pyth_source.go:303.20,305.3 1 0
github.com/luxfi/dex/pkg/lx/pyth_source.go:307.2,312.31 2 1
github.com/luxfi/dex/pkg/lx/pyth_source.go:316.61,322.20 4 1
github.com/luxfi/dex/pkg/lx/pyth_source.go:322.20,324.3 1 1
github.com/luxfi/dex/pkg/lx/pyth_source.go:326.2,327.13 2 0
github.com/luxfi/dex/pkg/lx/pyth_source.go:327.13,329.3 1 0
github.com/luxfi/dex/pkg/lx/pyth_source.go:331.2,336.31 2 0
github.com/luxfi/dex/pkg/lx/pyth_source.go:340.45,344.17 3 1
github.com/luxfi/dex/pkg/lx/pyth_source.go:344.17,346.3 1 1
github.com/luxfi/dex/pkg/lx/pyth_source.go:349.2,349.51 1 1
github.com/luxfi/dex/pkg/lx/pyth_source.go:349.51,351.3 1 0
github.com/luxfi/dex/pkg/lx/pyth_source.go:353.2,353.13 1 1
github.com/luxfi/dex/pkg/lx/pyth_source.go:357.45,359.2 1 1
github.com/luxfi/dex/pkg/lx/pyth_source.go:362.48,364.2 1 1
github.com/luxfi/dex/pkg/lx/pyth_source.go:367.40,371.6 3 1
github.com/luxfi/dex/pkg/lx/pyth_source.go:371.6,372.10 1 1
github.com/luxfi/dex/pkg/lx/pyth_source.go:373.18,374.10 1 0
github.com/luxfi/dex/pkg/lx/pyth_source.go:375.19,380.19 4 0
github.com/luxfi/dex/pkg/lx/pyth_source.go:380.19,383.5 2 0
github.com/luxfi/dex/pkg/lx/pyth_source.go:389.40,391.33 2 0
github.com/luxfi/dex/pkg/lx/pyth_source.go:391.33,392.10 1 0
github.com/luxfi/dex/pkg/lx/pyth_source.go:393.18,394.10 1 0
github.com/luxfi/dex/pkg/lx/pyth_source.go:395.40,397.39 2 0
github.com/luxfi/dex/pkg/lx/pyth_source.go:397.39,399.5 1 0
github.com/luxfi/dex/pkg/lx/pyth_source.go:400.4,400.102 1 0
github.com/luxfi/dex/pkg/lx/pyth_source.go:406.42,412.20 4 1
github.com/luxfi/dex/pkg/lx/pyth_source.go:412.20,414.3 1 0
github.com/luxfi/dex/pkg/lx/pyth_source.go:415.2,415.12 1 1
github.com/luxfi/dex/pkg/lx/risk_engine.go:42.34,72.2 1 1
github.com/luxfi/dex/pkg/lx/risk_engine.go:75.85,81.13 4 1
github.com/luxfi/dex/pkg/lx/risk_engine.go:81.13,83.3 1 1
github.com/luxfi/dex/pkg/lx/risk_engine.go:84.2,84.23 1 1
github.com/luxfi/dex/pkg/lx/risk_engine.go:84.23,86.3 1 1
github.com/luxfi/dex/pkg/lx/risk_engine.go:89.2,90.13 2 1
github.com/luxfi/dex/pkg/lx/risk_engine.go:90.13,92.3 1 1
github.com/luxfi/dex/pkg/lx/risk_engine.go:93.2,93.20 1 1
github.com/luxfi/dex/pkg/lx/risk_engine.go:93.20,95.3 1 1
github.com/luxfi/dex/pkg/lx/risk_engine.go:98.2,99.53 2 1
github.com/luxfi/dex/pkg/lx/risk_engine.go:99.53,101.3 1 0
github.com/luxfi/dex/pkg/lx/risk_engine.go:103.2,103.13 1 1
github.com/luxfi/dex/pkg/lx/risk_engine.go:107.67,111.60 3 0
github.com/luxfi/dex/pkg/lx/risk_engine.go:111.60,113.3 1 0
github.com/luxfi/dex/pkg/lx/risk_engine.go:114.2,114.40 1 0
github.com/luxfi/dex/pkg/lx/risk_engine.go:118.63,122.56 3 0
github.com/luxfi/dex/pkg/lx/risk_engine.go:122.56,124.3 1 0
github.com/luxfi/dex/pkg/lx/risk_engine.go:125.2,125.36 1 0
github.com/luxfi/dex/pkg/lx/risk_engine.go:129.93,135.32 4 1
github.com/luxfi/dex/pkg/lx/risk_engine.go:135.32,137.3 1 1
github.com/luxfi/dex/pkg/lx/risk_engine.go:140.2,144.15 4 1
github.com/luxfi/dex/pkg/lx/risk_engine.go:148.53,153.26 4 1
github.com/luxfi/dex/pkg/lx/risk_engine.go:153.26,155.3 1 0
github.com/luxfi/dex/pkg/lx/risk_engine.go:159.53,169.2 3 1
github.com/luxfi/dex/pkg/lx/risk_engine.go:172.83,175.26 2 0
github.com/luxfi/dex/pkg/lx/risk_engine.go:175.26,179.3 1 0
github.com/luxfi/dex/pkg/lx/risk_engine.go:179.8,183.3 1 0
github.com/luxfi/dex/pkg/lx/risk_engine.go:187.99,191.45 3 0
github.com/luxfi/dex/pkg/lx/risk_engine.go:191.45,198.3 5 0
github.com/luxfi/dex/pkg/lx/risk_engine.go:201.2,202.58 2 0
github.com/luxfi/dex/pkg/lx/risk_engine.go:202.58,203.49 1 0
github.com/luxfi/dex/pkg/lx/risk_engine.go:203.49,206.4 2 0
github.com/luxfi/dex/pkg/lx/risk_engine.go:210.2,210.50 1 0
github.com/luxfi/dex/pkg/lx/risk_engine.go:214.109,216.22 2 0
github.com/luxfi/dex/pkg/lx/risk_engine.go:216.22,218.3 1 0
github.com/luxfi/dex/pkg/lx/risk_engine.go:220.2,220.21 1 0
github.com/luxfi/dex/pkg/lx/risk_engine.go:221.19,222.47 1 0
github.com/luxfi/dex/pkg/lx/risk_engine.go:223.22,224.47 1 0
github.com/luxfi/dex/pkg/lx/risk_engine.go:225.23,226.33 1 0
github.com/luxfi/dex/pkg/lx/risk_engine.go:227.10,228.15 1 0
github.com/luxfi/dex/pkg/lx/staking.go:188.60,201.2 1 1
github.com/luxfi/dex/pkg/lx/staking.go:209.25,247.2 7 1
github.com/luxfi/dex/pkg/lx/staking.go:254.27,258.46 3 1
github.com/luxfi/dex/pkg/lx/staking.go:258.46,260.3 1 1
github.com/luxfi/dex/pkg/lx/staking.go:263.2,306.27 6 1
github.com/luxfi/dex/pkg/lx/staking.go:314.27,317.13 2 1
github.com/luxfi/dex/pkg/lx/staking.go:317.13,319.3 1 1
github.com/luxfi/dex/pkg/lx/staking.go:321.2,321.17 1 1
github.com/luxfi/dex/pkg/lx/staking.go:321.17,323.3 1 1
github.com/luxfi/dex/pkg/lx/staking.go:326.2,326.35 1 1
github.com/luxfi/dex/pkg/lx/staking.go:326.35,328.3 1 1
github.com/luxfi/dex/pkg/lx/staking.go:330.2,331.21 2 1
github.com/luxfi/dex/pkg/lx/staking.go:331.21,345.3 2 1
github.com/luxfi/dex/pkg/lx/staking.go:348.2,349.38 2 1
github.com/luxfi/dex/pkg/lx/staking.go:349.38,351.3 1 0
github.com/luxfi/dex/pkg/lx/staking.go:354.2,355.34 2 1
github.com/luxfi/dex/pkg/lx/staking.go:355.34,357.3 1 1
github.com/luxfi/dex/pkg/lx/staking.go:357.8,361.3 3 1
github.com/luxfi/dex/pkg/lx/staking.go:364.2,375.22 7 1
github.com/luxfi/dex/pkg/lx/staking.go:383.27,388.2 3 1
github.com/luxfi/dex/pkg/lx/staking.go:395.30,400.13 4 1
github.com/luxfi/dex/pkg/lx/staking.go:400.13,402.3 1 1
github.com/luxfi/dex/pkg/lx/staking.go:404.2,405.21 2 1
github.com/luxfi/dex/pkg/lx/staking.go:405.21,407.3 1 1
github.com/luxfi/dex/pkg/lx/staking.go:409.2,409.37 1 1
github.com/luxfi/dex/pkg/lx/staking.go:409.37,411.3 1 1
github.com/luxfi/dex/pkg/lx/staking.go:414.2,414.45 1 1
github.com/luxfi/dex/pkg/lx/staking.go:414.45,416.3 1 1
github.com/luxfi/dex/pkg/lx/staking.go:419.2,441.33 9 1
github.com/luxfi/dex/pkg/lx/staking.go:441.33,443.3 1 1
github.com/luxfi/dex/pkg/lx/staking.go:446.2,456.23 6 1
github.com/luxfi/dex/pkg/lx/staking.go:460.86,465.13 4 1
github.com/luxfi/dex/pkg/lx/staking.go:465.13,467.3 1 1
github.com/luxfi/dex/pkg/lx/staking.go:469.2,470.21 2 1
github.com/luxfi/dex/pkg/lx/staking.go:470.21,472.3 1 1
github.com/luxfi/dex/pkg/lx/staking.go:475.2,480.27 4 1
github.com/luxfi/dex/pkg/lx/staking.go:480.27,482.3 1 1
github.com/luxfi/dex/pkg/lx/staking.go:485.2,489.33 3 1
github.com/luxfi/dex/pkg/lx/staking.go:489.33,493.3 2 1
github.com/luxfi/dex/pkg/lx/staking.go:495.2,495.23 1 1
github.com/luxfi/dex/pkg/lx/staking.go:505.9,510.13 4 1
github.com/luxfi/dex/pkg/lx/staking.go:510.13,512.3 1 1
github.com/luxfi/dex/pkg/lx/staking.go:515.2,515.43 1 1
github.com/luxfi/dex/pkg/lx/staking.go:515.43,517.3 1 1
github.com/luxfi/dex/pkg/lx/staking.go:520.2,520.42 1 1
github.com/luxfi/dex/pkg/lx/staking.go:520.42,522.3 1 1
github.com/luxfi/dex/pkg/lx/staking.go:525.2,525.52 1 1
github.com/luxfi/dex/pkg/lx/staking.go:525.52,527.3 1 1
github.com/luxfi/dex/pkg/lx/staking.go:530.2,530.50 1 1
github.com/luxfi/dex/pkg/lx/staking.go:530.50,539.3 3 1
github.com/luxfi/dex/pkg/lx/staking.go:542.2,565.12 5 1
github.com/luxfi/dex/pkg/lx/staking.go:574.9,579.13 4 1
github.com/luxfi/dex/pkg/lx/staking.go:579.13,581.3 1 0
github.com/luxfi/dex/pkg/lx/staking.go:583.2,584.13 2 1
github.com/luxfi/dex/pkg/lx/staking.go:584.13,586.3 1 0
github.com/luxfi/dex/pkg/lx/staking.go:588.2,588.27 1 1
github.com/luxfi/dex/pkg/lx/staking.go:588.27,590.3 1 0
github.com/luxfi/dex/pkg/lx/staking.go:592.2,592.26 1 1
github.com/luxfi/dex/pkg/lx/staking.go:592.26,594.3 1 0
github.com/luxfi/dex/pkg/lx/staking.go:597.2,597.41 1 1
github.com/luxfi/dex/pkg/lx/staking.go:597.41,599.3 1 0
github.com/luxfi/dex/pkg/lx/staking.go:602.2,605.48 2 1
github.com/luxfi/dex/pkg/lx/staking.go:605.48,607.3 1 1
github.com/luxfi/dex/pkg/lx/staking.go:608.2,613.21 4 1
github.com/luxfi/dex/pkg/lx/staking.go:613.21,627.3 2 1
github.com/luxfi/dex/pkg/lx/staking.go:630.2,639.44 4 1
github.com/luxfi/dex/pkg/lx/staking.go:639.44,641.3 1 1
github.com/luxfi/dex/pkg/lx/staking.go:642.2,647.12 3 1
github.com/luxfi/dex/pkg/lx/staking.go:656.9,661.13 4 1
github.com/luxfi/dex/pkg/lx/staking.go:661.13,663.3 1 1
github.com/luxfi/dex/pkg/lx/staking.go:665.2,666.13 2 1
github.com/luxfi/dex/pkg/lx/staking.go:666.13,668.3 1 1
github.com/luxfi/dex/pkg/lx/staking.go:671.2,672.53 2 1
github.com/luxfi/dex/pkg/lx/staking.go:672.53,673.31 1 1
github.com/luxfi/dex/pkg/lx/staking.go:673.31,675.9 2 1
github.com/luxfi/dex/pkg/lx/staking.go:679.2,679.20 1 1
github.com/luxfi/dex/pkg/lx/staking.go:679.20,681.3 1 1
github.com/luxfi/dex/pkg/lx/staking.go:684.2,705.12 9 1
github.com/luxfi/dex/pkg/lx/staking.go:710.88,721.2 5 1
github.com/luxfi/dex/pkg/lx/staking.go:723.70,725.46 2 1
github.com/luxfi/dex/pkg/lx/staking.go:725.46,727.3 1 1
github.com/luxfi/dex/pkg/lx/staking.go:728.2,728.14 1 1
github.com/luxfi/dex/pkg/lx/staking.go:731.97,738.29 4 1
github.com/luxfi/dex/pkg/lx/staking.go:738.29,740.3 1 1
github.com/luxfi/dex/pkg/lx/staking.go:742.2,743.21 2 1
github.com/luxfi/dex/pkg/lx/staking.go:743.21,745.3 1 1
github.com/luxfi/dex/pkg/lx/staking.go:747.2,756.16 5 1
github.com/luxfi/dex/pkg/lx/staking.go:759.83,760.52 1 1
github.com/luxfi/dex/pkg/lx/staking.go:760.52,763.3 2 1
github.com/luxfi/dex/pkg/lx/staking.go:766.2,780.3 5 1
github.com/luxfi/dex/pkg/lx/staking.go:787.3,790.39 2 1
github.com/luxfi/dex/pkg/lx/staking.go:790.39,791.56 1 1
github.com/luxfi/dex/pkg/lx/staking.go:791.56,793.4 1 1
github.com/luxfi/dex/pkg/lx/staking.go:796.2,796.28 1 1
github.com/luxfi/dex/pkg/lx/staking.go:796.28,798.3 1 1
github.com/luxfi/dex/pkg/lx/staking.go:800.2,800.39 1 1
github.com/luxfi/dex/pkg/lx/staking.go:800.39,801.56 1 1
github.com/luxfi/dex/pkg/lx/staking.go:801.56,811.4 3 1
github.com/luxfi/dex/pkg/lx/staking.go:816.102,821.13 4 1
github.com/luxfi/dex/pkg/lx/staking.go:821.13,823.3 1 1
github.com/luxfi/dex/pkg/lx/staking.go:825.2,826.21 2 1
github.com/luxfi/dex/pkg/lx/staking.go:826.21,833.3 1 1
github.com/luxfi/dex/pkg/lx/staking.go:836.2,847.8 2 1
github.com/luxfi/dex/pkg/lx/staking.go:851.72,852.12 1 1
github.com/luxfi/dex/pkg/lx/staking.go:852.12,856.7 3 1
github.com/luxfi/dex/pkg/lx/staking.go:856.7,857.11 1 1
github.com/luxfi/dex/pkg/lx/staking.go:858.22,859.11 1 1
github.com/luxfi/dex/pkg/lx/staking.go:860.20,861.27 1 0
github.com/luxfi/dex/pkg/lx/staking.go:868.47,872.37 3 1
github.com/luxfi/dex/pkg/lx/staking.go:872.37,873.34 1 1
github.com/luxfi/dex/pkg/lx/staking.go:873.34,874.12 1 1
github.com/luxfi/dex/pkg/lx/staking.go:878.3,878.60 1 1
github.com/luxfi/dex/pkg/lx/staking.go:878.60,879.12 1 0
github.com/luxfi/dex/pkg/lx/staking.go:883.3,883.50 1 1
github.com/luxfi/dex/pkg/lx/staking.go:883.50,888.35 3 1
github.com/luxfi/dex/pkg/lx/staking.go:888.35,891.5 1 1
github.com/luxfi/dex/pkg/lx/staking.go:894.3,894.35 1 1
github.com/luxfi/dex/pkg/lx/types.go:284.59,291.24 2 1
github.com/luxfi/dex/pkg/lx/types.go:291.24,293.3 1 1
github.com/luxfi/dex/pkg/lx/types.go:294.2,294.25 1 1
github.com/luxfi/dex/pkg/lx/types.go:294.25,296.3 1 1
github.com/luxfi/dex/pkg/lx/types.go:297.2,297.26 1 1
github.com/luxfi/dex/pkg/lx/types.go:297.26,299.3 1 1
github.com/luxfi/dex/pkg/lx/types.go:301.2,301.15 1 1
github.com/luxfi/dex/pkg/lx/types.go:305.44,309.2 2 0
github.com/luxfi/dex/pkg/lx/types.go:312.43,315.2 2 0
github.com/luxfi/dex/pkg/lx/types.go:318.73,325.2 5 0
github.com/luxfi/dex/pkg/lx/types.go:328.46,329.35 1 0
github.com/luxfi/dex/pkg/lx/types.go:329.35,332.3 1 0
github.com/luxfi/dex/pkg/lx/types.go:336.52,337.9 1 0
github.com/luxfi/dex/pkg/lx/types.go:338.30,338.30 0 0
github.com/luxfi/dex/pkg/lx/types.go:339.10,339.10 0 0
github.com/luxfi/dex/pkg/lx/types.go:345.63,350.33 4 0
github.com/luxfi/dex/pkg/lx/types.go:350.33,351.27 1 0
github.com/luxfi/dex/pkg/lx/types.go:351.27,353.4 1 0
github.com/luxfi/dex/pkg/lx/types.go:355.2,355.15 1 0
github.com/luxfi/dex/pkg/lx/types.go:359.56,363.48 3 0
github.com/luxfi/dex/pkg/lx/types.go:363.48,365.3 1 0
github.com/luxfi/dex/pkg/lx/types.go:369.64,374.2 3 0
github.com/luxfi/dex/pkg/lx/vault_simple.go:43.67,49.2 1 0
github.com/luxfi/dex/pkg/lx/vault_simple.go:57.25,63.33 4 0
github.com/luxfi/dex/pkg/lx/vault_simple.go:63.33,65.3 1 0
github.com/luxfi/dex/pkg/lx/vault_simple.go:67.2,71.72 3 0
github.com/luxfi/dex/pkg/lx/vault_simple.go:71.72,73.3 1 0
github.com/luxfi/dex/pkg/lx/vault_simple.go:76.2,93.16 4 0
github.com/luxfi/dex/pkg/lx/vault_simple.go:93.16,95.3 1 0
github.com/luxfi/dex/pkg/lx/vault_simple.go:97.2,100.87 2 0
github.com/luxfi/dex/pkg/lx/vault_simple.go:100.87,102.3 1 0
github.com/luxfi/dex/pkg/lx/vault_simple.go:104.2,106.19 2 0
github.com/luxfi/dex/pkg/lx/vault_simple.go:110.121,111.22 1 0
github.com/luxfi/dex/pkg/lx/vault_simple.go:112.16,115.38 2 0
github.com/luxfi/dex/pkg/lx/vault_simple.go:117.19,121.56 3 0
github.com/luxfi/dex/pkg/lx/vault_simple.go:123.10,124.68 1 0
github.com/luxfi/dex/pkg/lx/vault_simple.go:129.91,134.13 4 0
github.com/luxfi/dex/pkg/lx/vault_simple.go:134.13,136.3 1 0
github.com/luxfi/dex/pkg/lx/vault_simple.go:138.2,146.37 5 0
github.com/luxfi/dex/pkg/lx/vault_simple.go:146.37,148.3 1 0
github.com/luxfi/dex/pkg/lx/vault_simple.go:149.2,156.61 4 0
github.com/luxfi/dex/pkg/lx/vault_simple.go:160.109,161.43 1 0
github.com/luxfi/dex/pkg/lx/vault_simple.go:161.43,163.3 1 0
github.com/luxfi/dex/pkg/lx/vault_simple.go:165.2,169.13 4 0
github.com/luxfi/dex/pkg/lx/vault_simple.go:169.13,171.3 1 0
github.com/luxfi/dex/pkg/lx/vault_simple.go:173.2,177.49 4 0
github.com/luxfi/dex/pkg/lx/vault_simple.go:177.49,179.3 1 0
github.com/luxfi/dex/pkg/lx/vault_simple.go:182.2,193.75 5 0
github.com/luxfi/dex/pkg/lx/vault_simple.go:193.75,211.3 10 0
github.com/luxfi/dex/pkg/lx/vault_simple.go:214.2,219.42 4 0
github.com/luxfi/dex/pkg/lx/vault_simple.go:219.42,221.3 1 0
github.com/luxfi/dex/pkg/lx/vault_simple.go:226.2,226.27 1 0
github.com/luxfi/dex/pkg/lx/vault_simple.go:230.70,235.13 4 0
github.com/luxfi/dex/pkg/lx/vault_simple.go:235.13,237.3 1 0
github.com/luxfi/dex/pkg/lx/vault_simple.go:239.2,247.27 3 0
github.com/luxfi/dex/pkg/lx/vault_simple.go:247.27,249.25 2 0
github.com/luxfi/dex/pkg/lx/vault_simple.go:249.25,251.4 1 0
github.com/luxfi/dex/pkg/lx/vault_simple.go:255.2,255.51 1 0
github.com/luxfi/dex/pkg/lx/vault_simple.go:255.51,257.3 1 0
github.com/luxfi/dex/pkg/lx/vault_simple.go:259.2,259.12 1 0
github.com/luxfi/dex/pkg/lx/vault_simple.go:263.92,268.13 4 0
github.com/luxfi/dex/pkg/lx/vault_simple.go:268.13,270.3 1 0
github.com/luxfi/dex/pkg/lx/vault_simple.go:272.2,285.27 4 0
github.com/luxfi/dex/pkg/lx/vault_simple.go:285.27,291.3 5 0
github.com/luxfi/dex/pkg/lx/vault_simple.go:293.2,293.18 1 0
github.com/luxfi/dex/pkg/lx/vault_simple.go:297.75,299.2 1 0
github.com/luxfi/dex/pkg/lx/vault_simple.go:304.85,306.13 2 0
github.com/luxfi/dex/pkg/lx/vault_simple.go:306.13,308.3 1 0
github.com/luxfi/dex/pkg/lx/vault_simple.go:311.2,311.34 1 0
github.com/luxfi/dex/pkg/lx/vault_simple.go:311.34,313.3 1 0
github.com/luxfi/dex/pkg/lx/vault_simple.go:316.2,332.12 2 0
github.com/luxfi/dex/pkg/lx/vault_simple.go:336.29,351.16 7 0
github.com/luxfi/dex/pkg/lx/vault_simple.go:351.16,352.13 1 0
github.com/luxfi/dex/pkg/lx/vault_simple.go:356.2,366.11 3 0
github.com/luxfi/dex/pkg/lx/vault_strategy.go:62.54,70.2 1 1
github.com/luxfi/dex/pkg/lx/vault_strategy.go:73.73,85.2 5 1
github.com/luxfi/dex/pkg/lx/vault_strategy.go:88.86,94.15 4 1
github.com/luxfi/dex/pkg/lx/vault_strategy.go:94.15,95.39 1 1
github.com/luxfi/dex/pkg/lx/vault_strategy.go:95.40,97.4 0 0
github.com/luxfi/dex/pkg/lx/vault_strategy.go:101.2,110.23 4 1
github.com/luxfi/dex/pkg/lx/vault_strategy.go:111.13,112.28 1 0
github.com/luxfi/dex/pkg/lx/vault_strategy.go:112.28,123.4 2 0
github.com/luxfi/dex/pkg/lx/vault_strategy.go:125.14,126.29 1 0
github.com/luxfi/dex/pkg/lx/vault_strategy.go:126.29,137.4 2 0
github.com/luxfi/dex/pkg/lx/vault_strategy.go:139.21,141.55 1 1
github.com/luxfi/dex/pkg/lx/vault_strategy.go:141.55,143.51 2 1
github.com/luxfi/dex/pkg/lx/vault_strategy.go:143.51,167.5 4 1
github.com/luxfi/dex/pkg/lx/vault_strategy.go:171.2,172.20 2 1
github.com/luxfi/dex/pkg/lx/vault_strategy.go:176.73,191.2 1 1
github.com/luxfi/dex/pkg/lx/vault_strategy.go:202.48,204.23 1 1
github.com/luxfi/dex/pkg/lx/vault_strategy.go:204.23,208.3 3 0
github.com/luxfi/dex/pkg/lx/vault_strategy.go:209.2,209.13 1 1
github.com/luxfi/dex/pkg/lx/vault_strategy.go:212.49,214.50 1 1
github.com/luxfi/dex/pkg/lx/vault_strategy.go:214.50,216.3 1 0
github.com/luxfi/dex/pkg/lx/vault_strategy.go:217.2,217.14 1 1
github.com/luxfi/dex/pkg/lx/vault_strategy.go:220.70,224.16 3 1
github.com/luxfi/dex/pkg/lx/vault_strategy.go:225.20,227.24 1 1
github.com/luxfi/dex/pkg/lx/vault_strategy.go:227.24,233.4 1 1
github.com/luxfi/dex/pkg/lx/vault_strategy.go:235.3,235.24 1 1
github.com/luxfi/dex/pkg/lx/vault_strategy.go:235.24,240.4 3 1
github.com/luxfi/dex/pkg/lx/vault_strategy.go:240.9,242.4 1 0
github.com/luxfi/dex/pkg/lx/vault_strategy.go:244.3,244.52 1 1
github.com/luxfi/dex/pkg/lx/vault_strategy.go:246.22,247.52 1 0
github.com/luxfi/dex/pkg/lx/vault_strategy.go:251.65,254.2 0 1
github.com/luxfi/dex/pkg/lx/vault_strategy.go:256.56,265.2 3 1
github.com/luxfi/dex/pkg/lx/vault_strategy.go:267.39,272.2 1 1
github.com/luxfi/dex/pkg/lx/vault_strategy.go:299.78,306.2 1 0
github.com/luxfi/dex/pkg/lx/vault_strategy.go:308.79,312.2 3 0
github.com/luxfi/dex/pkg/lx/vault_strategy.go:314.92,323.56 5 0
github.com/luxfi/dex/pkg/lx/vault_strategy.go:323.56,325.3 1 0
github.com/luxfi/dex/pkg/lx/vault_strategy.go:327.2,337.35 6 0
github.com/luxfi/dex/pkg/lx/vault_strategy.go:337.35,350.3 4 0
github.com/luxfi/dex/pkg/lx/vault_strategy.go:353.2,353.35 1 0
github.com/luxfi/dex/pkg/lx/vault_strategy.go:353.35,366.3 4 0
github.com/luxfi/dex/pkg/lx/vault_strategy.go:368.2,368.20 1 0
github.com/luxfi/dex/pkg/lx/vault_strategy.go:371.46,374.2 2 0
github.com/luxfi/dex/pkg/lx/vault_strategy.go:376.76,377.28 1 0
github.com/luxfi/dex/pkg/lx/vault_strategy.go:377.28,378.24 1 0
github.com/luxfi/dex/pkg/lx/vault_strategy.go:378.24,380.4 1 0
github.com/luxfi/dex/pkg/lx/vault_strategy.go:380.9,382.4 1 0
github.com/luxfi/dex/pkg/lx/vault_strategy.go:386.71,388.2 0 0
github.com/luxfi/dex/pkg/lx/vault_strategy.go:390.62,396.2 1 0
github.com/luxfi/dex/pkg/lx/vault_strategy.go:398.45,401.2 2 0
github.com/luxfi/dex/pkg/lx/vault_strategy.go:420.68,427.2 1 0
github.com/luxfi/dex/pkg/lx/vault_strategy.go:430.108,435.62 3 0
github.com/luxfi/dex/pkg/lx/vault_strategy.go:435.62,437.3 1 0
github.com/luxfi/dex/pkg/lx/vault_strategy.go:439.2,440.12 2 0
github.com/luxfi/dex/pkg/lx/vault_strategy.go:444.54,448.6 3 0
github.com/luxfi/dex/pkg/lx/vault_strategy.go:448.6,449.10 1 0
github.com/luxfi/dex/pkg/lx/vault_strategy.go:450.21,451.10 1 0
github.com/luxfi/dex/pkg/lx/vault_strategy.go:452.20,453.10 1 0
github.com/luxfi/dex/pkg/lx/vault_strategy.go:454.19,455.23 1 0
github.com/luxfi/dex/pkg/lx/vault_strategy.go:461.60,464.34 3 0
github.com/luxfi/dex/pkg/lx/vault_strategy.go:464.34,466.3 1 0
github.com/luxfi/dex/pkg/lx/vault_strategy.go:467.2,471.44 3 0
github.com/luxfi/dex/pkg/lx/vault_strategy.go:471.44,473.40 2 0
github.com/luxfi/dex/pkg/lx/vault_strategy.go:473.40,478.19 3 0
github.com/luxfi/dex/pkg/lx/vault_strategy.go:478.19,480.5 1 0
github.com/luxfi/dex/pkg/lx/vault_strategy.go:483.4,484.18 2 0
github.com/luxfi/dex/pkg/lx/vault_strategy.go:484.18,487.5 1 0
github.com/luxfi/dex/pkg/lx/vault_strategy.go:490.4,490.21 1 0
github.com/luxfi/dex/pkg/lx/vault_strategy.go:490.22,493.5 0 0
github.com/luxfi/dex/pkg/lx/vault_strategy.go:496.2,496.11 1 0
github.com/luxfi/dex/pkg/lx/vault_strategy.go:500.34,507.41 4 0
github.com/luxfi/dex/pkg/lx/vault_strategy.go:507.41,509.3 1 0
github.com/luxfi/dex/pkg/lx/vaults.go:22.59,30.2 1 1
github.com/luxfi/dex/pkg/lx/vaults.go:33.73,37.47 3 1
github.com/luxfi/dex/pkg/lx/vaults.go:37.47,39.3 1 1
github.com/luxfi/dex/pkg/lx/vaults.go:41.2,60.48 2 1
github.com/luxfi/dex/pkg/lx/vaults.go:60.48,62.22 2 1
github.com/luxfi/dex/pkg/lx/vaults.go:62.22,64.4 1 1
github.com/luxfi/dex/pkg/lx/vaults.go:67.2,68.19 2 1
github.com/luxfi/dex/pkg/lx/vaults.go:162.79,167.41 3 1
github.com/luxfi/dex/pkg/lx/vaults.go:167.41,169.3 1 1
github.com/luxfi/dex/pkg/lx/vaults.go:172.2,173.75 2 1
github.com/luxfi/dex/pkg/lx/vaults.go:173.75,175.3 1 1
github.com/luxfi/dex/pkg/lx/vaults.go:178.2,179.43 2 1
github.com/luxfi/dex/pkg/lx/vaults.go:179.43,182.3 1 1
github.com/luxfi/dex/pkg/lx/vaults.go:182.8,186.3 2 1
github.com/luxfi/dex/pkg/lx/vaults.go:189.2,190.13 2 1
github.com/luxfi/dex/pkg/lx/vaults.go:190.13,200.3 2 1
github.com/luxfi/dex/pkg/lx/vaults.go:203.2,214.46 8 1
github.com/luxfi/dex/pkg/lx/vaults.go:214.46,216.3 1 1
github.com/luxfi/dex/pkg/lx/vaults.go:218.2,218.22 1 1
github.com/luxfi/dex/pkg/lx/vaults.go:222.74,227.13 4 1
github.com/luxfi/dex/pkg/lx/vaults.go:227.13,229.3 1 1
github.com/luxfi/dex/pkg/lx/vaults.go:232.2,232.45 1 1
github.com/luxfi/dex/pkg/lx/vaults.go:232.45,234.3 1 1
github.com/luxfi/dex/pkg/lx/vaults.go:237.2,237.37 1 1
github.com/luxfi/dex/pkg/lx/vaults.go:237.37,239.3 1 1
github.com/luxfi/dex/pkg/lx/vaults.go:243.2,267.45 14 1
github.com/luxfi/dex/pkg/lx/vaults.go:267.45,269.3 1 0
github.com/luxfi/dex/pkg/lx/vaults.go:271.2,271.20 1 1
github.com/luxfi/dex/pkg/lx/vaults.go:275.88,279.35 2 1
github.com/luxfi/dex/pkg/lx/vaults.go:279.35,284.3 3 1
github.com/luxfi/dex/pkg/lx/vaults.go:287.2,294.15 7 1
github.com/luxfi/dex/pkg/lx/vaults.go:298.62,302.33 3 1
github.com/luxfi/dex/pkg/lx/vaults.go:302.33,304.3 1 0
github.com/luxfi/dex/pkg/lx/vaults.go:306.2,309.40 3 1
github.com/luxfi/dex/pkg/lx/vaults.go:309.40,320.3 4 1
github.com/luxfi/dex/pkg/lx/vaults.go:322.2,322.18 1 1
github.com/luxfi/dex/pkg/lx/vaults.go:326.48,332.38 4 1
github.com/luxfi/dex/pkg/lx/vaults.go:332.38,334.3 1 0
github.com/luxfi/dex/pkg/lx/vaults.go:335.2,335.18 1 1
github.com/luxfi/dex/pkg/lx/vaults.go:339.91,342.24 2 1
github.com/luxfi/dex/pkg/lx/vaults.go:342.24,344.3 1 1
github.com/luxfi/dex/pkg/lx/vaults.go:346.2,350.83 3 1
github.com/luxfi/dex/pkg/lx/vaults.go:350.83,352.3 1 0
github.com/luxfi/dex/pkg/lx/vaults.go:354.2,354.19 1 1
github.com/luxfi/dex/pkg/lx/vaults.go:358.57,362.31 3 1
github.com/luxfi/dex/pkg/lx/vaults.go:362.31,366.98 2 1
github.com/luxfi/dex/pkg/lx/vaults.go:366.98,367.12 1 1
github.com/luxfi/dex/pkg/lx/vaults.go:371.3,371.95 1 1
github.com/luxfi/dex/pkg/lx/vaults.go:371.95,372.12 1 1
github.com/luxfi/dex/pkg/lx/vaults.go:375.3,376.27 2 0
github.com/luxfi/dex/pkg/lx/vaults.go:379.2,379.17 1 1
github.com/luxfi/dex/pkg/lx/vaults.go:383.35,387.62 3 1
github.com/luxfi/dex/pkg/lx/vaults.go:387.62,389.3 1 1
github.com/luxfi/dex/pkg/lx/vaults.go:392.2,392.47 1 0
github.com/luxfi/dex/pkg/lx/vaults.go:392.47,394.17 2 0
github.com/luxfi/dex/pkg/lx/vaults.go:394.17,396.4 1 0
github.com/luxfi/dex/pkg/lx/vaults.go:400.2,400.50 1 0
github.com/luxfi/dex/pkg/lx/vaults.go:400.50,402.17 2 0
github.com/luxfi/dex/pkg/lx/vaults.go:402.17,404.4 1 0
github.com/luxfi/dex/pkg/lx/vaults.go:408.2,408.40 1 0
github.com/luxfi/dex/pkg/lx/vaults.go:408.40,409.50 1 0
github.com/luxfi/dex/pkg/lx/vaults.go:409.50,411.4 1 0
github.com/luxfi/dex/pkg/lx/vaults.go:414.2,415.12 2 0
github.com/luxfi/dex/pkg/lx/vaults.go:419.58,426.44 4 1
github.com/luxfi/dex/pkg/lx/vaults.go:426.44,437.3 7 1
github.com/luxfi/dex/pkg/lx/vaults.go:486.79,487.21 1 1
github.com/luxfi/dex/pkg/lx/vaults.go:488.23,489.41 1 1
github.com/luxfi/dex/pkg/lx/vaults.go:490.18,491.37 1 1
github.com/luxfi/dex/pkg/lx/vaults.go:492.19,493.38 1 1
github.com/luxfi/dex/pkg/lx/vaults.go:494.24,495.42 1 1
github.com/luxfi/dex/pkg/lx/vaults.go:496.10,497.13 1 1
github.com/luxfi/dex/pkg/lx/vaults.go:502.50,506.2 1 1
github.com/luxfi/dex/pkg/lx/vaults.go:509.49,512.46 1 1
github.com/luxfi/dex/pkg/lx/vaults.go:512.46,514.3 1 0
github.com/luxfi/dex/pkg/lx/vaults.go:517.54,520.25 1 1
github.com/luxfi/dex/pkg/lx/vaults.go:520.25,522.3 1 1
github.com/luxfi/dex/pkg/lx/vaults.go:536.75,538.56 2 1
github.com/luxfi/dex/pkg/lx/vaults.go:538.56,540.3 1 1
github.com/luxfi/dex/pkg/lx/vaults.go:542.2,543.51 2 1
github.com/luxfi/dex/pkg/lx/vaults.go:543.51,545.3 1 1
github.com/luxfi/dex/pkg/lx/vaults.go:547.2,553.3 1 1
github.com/luxfi/dex/pkg/lx/vaults.go:556.85,561.56 3 1
github.com/luxfi/dex/pkg/lx/vaults.go:561.56,563.3 1 1
github.com/luxfi/dex/pkg/lx/vaults.go:565.2,568.31 2 1
github.com/luxfi/dex/pkg/lx/vaults.go:568.31,592.3 5 1
github.com/luxfi/dex/pkg/lx/vaults.go:594.2,594.15 1 1
github.com/luxfi/dex/pkg/lx/vaults.go:597.59,599.2 1 1
github.com/luxfi/dex/pkg/lx/vaults.go:601.49,603.2 1 1
github.com/luxfi/dex/pkg/lx/vaults.go:605.70,607.2 1 1
github.com/luxfi/dex/pkg/lx/vaults.go:617.67,624.2 1 1
github.com/luxfi/dex/pkg/lx/vaults.go:626.81,629.2 1 1
github.com/luxfi/dex/pkg/lx/vaults.go:631.55,633.2 1 0
github.com/luxfi/dex/pkg/lx/vaults.go:635.45,637.2 1 1
github.com/luxfi/dex/pkg/lx/vaults.go:639.66,641.2 1 0
github.com/luxfi/dex/pkg/lx/vaults.go:649.69,654.2 1 1
github.com/luxfi/dex/pkg/lx/vaults.go:656.82,659.2 1 1
github.com/luxfi/dex/pkg/lx/vaults.go:661.56,663.2 1 0
github.com/luxfi/dex/pkg/lx/vaults.go:665.46,667.2 1 1
github.com/luxfi/dex/pkg/lx/vaults.go:669.67,671.2 1 0
github.com/luxfi/dex/pkg/lx/vaults.go:681.77,688.2 1 1
github.com/luxfi/dex/pkg/lx/vaults.go:690.86,693.2 1 1
github.com/luxfi/dex/pkg/lx/vaults.go:695.60,697.2 1 0
github.com/luxfi/dex/pkg/lx/vaults.go:699.50,701.2 1 1
github.com/luxfi/dex/pkg/lx/vaults.go:703.71,705.2 1 0
github.com/luxfi/dex/pkg/lx/vaults.go:708.61,713.13 4 1
github.com/luxfi/dex/pkg/lx/vaults.go:713.13,715.3 1 1
github.com/luxfi/dex/pkg/lx/vaults.go:716.2,716.19 1 1
github.com/luxfi/dex/pkg/lx/vaults.go:720.47,725.34 4 1
github.com/luxfi/dex/pkg/lx/vaults.go:725.34,727.3 1 1
github.com/luxfi/dex/pkg/lx/vaults.go:728.2,728.15 1 1
github.com/luxfi/dex/pkg/lx/vaults.go:732.85,734.16 2 1
github.com/luxfi/dex/pkg/lx/vaults.go:734.16,736.3 1 1
github.com/luxfi/dex/pkg/lx/vaults.go:738.2,741.31 3 1
github.com/luxfi/dex/pkg/lx/vaults.go:745.40,748.2 2 1
github.com/luxfi/dex/pkg/lx/vaults.go:755.145,761.40 4 1
github.com/luxfi/dex/pkg/lx/vaults.go:761.40,763.3 1 0
github.com/luxfi/dex/pkg/lx/vaults.go:766.2,767.21 2 1
github.com/luxfi/dex/pkg/lx/vaults.go:767.21,769.3 1 1
github.com/luxfi/dex/pkg/lx/vaults.go:770.2,773.49 2 1
github.com/luxfi/dex/pkg/lx/vaults.go:773.49,775.3 1 0
github.com/luxfi/dex/pkg/lx/vaults.go:778.2,809.36 5 1
github.com/luxfi/dex/pkg/lx/vaults.go:809.36,811.3 1 1
github.com/luxfi/dex/pkg/lx/vaults.go:812.2,814.34 2 1
github.com/luxfi/dex/pkg/lx/vaults.go:814.34,816.3 1 1
github.com/luxfi/dex/pkg/lx/vaults.go:817.2,819.19 2 1
github.com/luxfi/dex/pkg/lx/vaults.go:823.101,828.13 4 1
github.com/luxfi/dex/pkg/lx/vaults.go:828.13,830.3 1 1
github.com/luxfi/dex/pkg/lx/vaults.go:832.2,836.37 3 1
github.com/luxfi/dex/pkg/lx/vaults.go:836.37,838.3 1 0
github.com/luxfi/dex/pkg/lx/vaults.go:841.2,842.39 2 1
github.com/luxfi/dex/pkg/lx/vaults.go:842.39,844.3 1 1
github.com/luxfi/dex/pkg/lx/vaults.go:847.2,847.59 1 1
github.com/luxfi/dex/pkg/lx/vaults.go:847.59,849.3 1 0
github.com/luxfi/dex/pkg/lx/vaults.go:852.2,853.47 2 1
github.com/luxfi/dex/pkg/lx/vaults.go:853.47,855.3 1 0
github.com/luxfi/dex/pkg/lx/vaults.go:855.8,859.3 2 1
github.com/luxfi/dex/pkg/lx/vaults.go:862.2,878.39 5 1
github.com/luxfi/dex/pkg/lx/vaults.go:878.39,880.3 1 1
github.com/luxfi/dex/pkg/lx/vaults.go:881.2,884.40 2 1
github.com/luxfi/dex/pkg/lx/vaults.go:884.40,892.33 5 0
github.com/luxfi/dex/pkg/lx/vaults.go:892.33,893.21 1 0
github.com/luxfi/dex/pkg/lx/vaults.go:893.21,895.10 2 0
github.com/luxfi/dex/pkg/lx/vaults.go:899.3,899.90 1 0
github.com/luxfi/dex/pkg/lx/vaults.go:902.2,902.12 1 1
github.com/luxfi/dex/pkg/lx/vaults.go:906.119,907.45 1 1
github.com/luxfi/dex/pkg/lx/vaults.go:907.45,909.3 1 1
github.com/luxfi/dex/pkg/lx/vaults.go:911.2,915.13 4 1
github.com/luxfi/dex/pkg/lx/vaults.go:915.13,917.3 1 1
github.com/luxfi/dex/pkg/lx/vaults.go:919.2,923.15 4 1
github.com/luxfi/dex/pkg/lx/vaults.go:923.15,925.3 1 0
github.com/luxfi/dex/pkg/lx/vaults.go:928.2,940.33 6 1
github.com/luxfi/dex/pkg/lx/vaults.go:940.33,946.44 3 1
github.com/luxfi/dex/pkg/lx/vaults.go:946.44,955.71 5 0
github.com/luxfi/dex/pkg/lx/vaults.go:955.71,958.5 2 0
github.com/luxfi/dex/pkg/lx/vaults.go:963.2,963.33 1 1
github.com/luxfi/dex/pkg/lx/vaults.go:963.33,967.32 3 0
github.com/luxfi/dex/pkg/lx/vaults.go:967.32,969.28 2 0
github.com/luxfi/dex/pkg/lx/vaults.go:969.28,971.5 1 0
github.com/luxfi/dex/pkg/lx/vaults.go:976.2,992.33 11 1
github.com/luxfi/dex/pkg/lx/vaults.go:992.33,997.33 3 1
github.com/luxfi/dex/pkg/lx/vaults.go:997.33,998.21 1 1
github.com/luxfi/dex/pkg/lx/vaults.go:998.21,1000.10 2 1
github.com/luxfi/dex/pkg/lx/vaults.go:1004.3,1004.43 1 1
github.com/luxfi/dex/pkg/lx/vaults.go:1004.43,1006.4 1 1
github.com/luxfi/dex/pkg/lx/vaults.go:1009.2,1009.30 1 1
github.com/luxfi/dex/pkg/lx/vaults.go:1013.72,1015.46 2 1
github.com/luxfi/dex/pkg/lx/vaults.go:1015.46,1017.3 1 0
github.com/luxfi/dex/pkg/lx/vaults.go:1019.2,1020.30 2 1
github.com/luxfi/dex/pkg/lx/vaults.go:1024.74,1029.13 4 1
github.com/luxfi/dex/pkg/lx/vaults.go:1029.13,1031.3 1 1
github.com/luxfi/dex/pkg/lx/vaults.go:1033.2,1033.19 1 1
github.com/luxfi/dex/pkg/lx/vaults.go:1037.81,1044.30 5 1
github.com/luxfi/dex/pkg/lx/vaults.go:1044.30,1045.49 1 1
github.com/luxfi/dex/pkg/lx/vaults.go:1045.49,1047.4 1 1
github.com/luxfi/dex/pkg/lx/vaults.go:1050.2,1050.20 1 1
github.com/luxfi/dex/pkg/lx/vaults.go:1054.85,1061.30 5 1
github.com/luxfi/dex/pkg/lx/vaults.go:1061.30,1062.49 1 1
github.com/luxfi/dex/pkg/lx/vaults.go:1062.49,1064.4 1 1
github.com/luxfi/dex/pkg/lx/vaults.go:1067.2,1067.20 1 1
github.com/luxfi/dex/pkg/lx/vaults.go:1072.83,1077.13 4 1
github.com/luxfi/dex/pkg/lx/vaults.go:1077.13,1079.3 1 1
github.com/luxfi/dex/pkg/lx/vaults.go:1081.2,1088.43 4 1
github.com/luxfi/dex/pkg/lx/vaults.go:1088.43,1097.3 5 1
github.com/luxfi/dex/pkg/lx/vaults.go:1100.2,1101.49 2 1
github.com/luxfi/dex/pkg/lx/vaults.go:1101.49,1103.3 1 1
github.com/luxfi/dex/pkg/lx/vaults.go:1105.2,1107.12 2 1
github.com/luxfi/dex/pkg/lx/vaults.go:1112.126,1117.13 4 1
github.com/luxfi/dex/pkg/lx/vaults.go:1117.13,1119.3 1 1
github.com/luxfi/dex/pkg/lx/vaults.go:1121.2,1125.37 3 1
github.com/luxfi/dex/pkg/lx/vaults.go:1125.37,1127.3 1 0
github.com/luxfi/dex/pkg/lx/vaults.go:1130.2,1142.53 3 1
github.com/luxfi/dex/pkg/lx/vaults.go:1142.53,1143.59 1 1
github.com/luxfi/dex/pkg/lx/vaults.go:1143.59,1145.4 1 0
github.com/luxfi/dex/pkg/lx/vaults.go:1146.8,1146.32 1 1
github.com/luxfi/dex/pkg/lx/vaults.go:1146.32,1149.3 1 0
github.com/luxfi/dex/pkg/lx/vaults.go:1151.2,1151.17 1 1
github.com/luxfi/dex/pkg/lx/vaults.go:1151.17,1158.3 1 0
github.com/luxfi/dex/pkg/lx/vaults.go:1160.2,1160.12 1 1
github.com/luxfi/dex/pkg/lx/x_chain_integration.go:33.46,37.2 3 1
github.com/luxfi/dex/pkg/lx/x_chain_integration.go:40.46,44.2 3 1
github.com/luxfi/dex/pkg/lx/x_chain_integration.go:47.49,51.2 3 1
github.com/luxfi/dex/pkg/lx/x_chain_integration.go:256.83,263.2 1 1
github.com/luxfi/dex/pkg/lx/x_chain_integration.go:266.71,277.2 6 1
github.com/luxfi/dex/pkg/lx/x_chain_integration.go:280.66,299.37 12 1
github.com/luxfi/dex/pkg/lx/x_chain_integration.go:299.37,307.3 1 1
github.com/luxfi/dex/pkg/lx/x_chain_integration.go:308.2,309.15 2 1
github.com/luxfi/dex/pkg/lx/x_chain_integration.go:313.53,323.40 7 1
github.com/luxfi/dex/pkg/lx/x_chain_integration.go:323.40,324.27 1 1
github.com/luxfi/dex/pkg/lx/x_chain_integration.go:324.27,326.4 1 1
github.com/luxfi/dex/pkg/lx/x_chain_integration.go:327.3,327.49 1 1
github.com/luxfi/dex/pkg/lx/x_chain_integration.go:327.49,329.4 1 1
github.com/luxfi/dex/pkg/lx/x_chain_integration.go:332.2,333.22 2 1
github.com/luxfi/dex/pkg/lx/x_chain_integration.go:333.22,335.3 1 1
github.com/luxfi/dex/pkg/lx/x_chain_integration.go:337.2,344.3 1 1
github.com/luxfi/dex/pkg/lx/x_chain_integration.go:348.87,355.2 1 1
github.com/luxfi/dex/pkg/lx/x_chain_integration.go:358.51,365.41 4 1
github.com/luxfi/dex/pkg/lx/x_chain_integration.go:365.41,367.3 1 1
github.com/luxfi/dex/pkg/lx/x_chain_integration.go:371.81,384.33 5 1
github.com/luxfi/dex/pkg/lx/x_chain_integration.go:384.33,389.3 2 1
github.com/luxfi/dex/pkg/lx/x_chain_integration.go:391.2,392.14 2 1
github.com/luxfi/dex/pkg/lx/x_chain_integration.go:396.63,401.13 4 1
github.com/luxfi/dex/pkg/lx/x_chain_integration.go:401.13,403.3 1 1
github.com/luxfi/dex/pkg/lx/x_chain_integration.go:405.2,407.12 3 1
github.com/luxfi/dex/pkg/lx/x_chain_integration.go:411.59,426.2 6 1
github.com/luxfi/dex/pkg/lx/x_chain_integration.go:429.42,435.2 1 1
github.com/luxfi/dex/pkg/lx/x_chain_integration.go:438.83,442.30 3 1
github.com/luxfi/dex/pkg/lx/x_chain_integration.go:442.30,444.3 1 1
github.com/luxfi/dex/pkg/lx/x_chain_integration.go:446.2,447.13 2 1
github.com/luxfi/dex/pkg/lx/x_chain_integration.go:447.13,453.3 2 1
github.com/luxfi/dex/pkg/lx/x_chain_integration.go:456.2,456.19 1 1
github.com/luxfi/dex/pkg/lx/x_chain_integration.go:456.19,458.3 1 1
github.com/luxfi/dex/pkg/lx/x_chain_integration.go:458.8,462.3 2 1
github.com/luxfi/dex/pkg/lx/x_chain_integration.go:464.2,466.57 3 1
github.com/luxfi/dex/pkg/lx/x_chain_integration.go:470.69,474.52 3 1
github.com/luxfi/dex/pkg/lx/x_chain_integration.go:474.52,476.3 1 1
github.com/luxfi/dex/pkg/lx/x_chain_integration.go:477.2,477.12 1 1
github.com/luxfi/dex/pkg/lx/x_chain_integration.go:481.91,486.13 4 1
github.com/luxfi/dex/pkg/lx/x_chain_integration.go:486.13,494.3 2 1
github.com/luxfi/dex/pkg/lx/x_chain_integration.go:496.2,496.22 1 1
github.com/luxfi/dex/pkg/lx/x_chain_integration.go:496.22,498.3 1 1
github.com/luxfi/dex/pkg/lx/x_chain_integration.go:499.2,499.19 1 1
github.com/luxfi/dex/pkg/lx/x_chain_integration.go:499.19,501.3 1 1
github.com/luxfi/dex/pkg/lx/x_chain_integration.go:503.2,504.33 2 1
github.com/luxfi/dex/pkg/lx/x_chain_integration.go:508.59,513.2 3 1
github.com/luxfi/dex/pkg/lx/x_chain_integration.go:516.70,520.29 3 1
github.com/luxfi/dex/pkg/lx/x_chain_integration.go:520.29,528.3 1 1
github.com/luxfi/dex/pkg/lx/x_chain_integration.go:528.8,532.3 3 1
github.com/luxfi/dex/pkg/lx/x_chain_integration.go:536.85,548.52 4 1
github.com/luxfi/dex/pkg/lx/x_chain_integration.go:548.52,549.33 1 1
github.com/luxfi/dex/pkg/lx/x_chain_integration.go:549.33,556.4 5 1
github.com/luxfi/dex/pkg/lx/x_chain_integration.go:560.2,560.81 1 1
github.com/luxfi/dex/pkg/lx/x_chain_integration.go:560.81,565.3 4 1
github.com/luxfi/dex/pkg/lx/x_chain_integration.go:567.2,568.12 2 1
github.com/luxfi/dex/pkg/lx/x_chain_integration.go:572.56,576.34 3 1
github.com/luxfi/dex/pkg/lx/x_chain_integration.go:576.34,578.3 1 1
github.com/luxfi/dex/pkg/lx/x_chain_integration.go:580.2,580.54 1 1
github.com/luxfi/dex/pkg/lx/x_chain_integration.go:584.61,591.34 5 1
github.com/luxfi/dex/pkg/lx/x_chain_integration.go:591.34,593.3 1 1
github.com/luxfi/dex/pkg/lx/x_chain_integration.go:596.2,596.57 1 1
github.com/luxfi/dex/pkg/lx/x_chain_integration.go:600.54,605.66 3 1
github.com/luxfi/dex/pkg/lx/x_chain_integration.go:605.66,607.3 1 1
github.com/luxfi/dex/pkg/lx/x_chain_integration.go:609.2,609.87 1 1
github.com/luxfi/dex/pkg/lx/x_chain_integration.go:609.87,611.3 1 1
github.com/luxfi/dex/pkg/lx/x_chain_integration.go:614.2,625.13 3 1
github.com/luxfi/dex/pkg/lx/x_chain_integration.go:629.38,636.2 1 1
github.com/luxfi/dex/pkg/lx/x_chain_integration.go:639.59,641.2 1 1
github.com/luxfi/dex/pkg/lx/x_chain_integration.go:644.55,649.2 1 1
github.com/luxfi/dex/pkg/lx/x_chain_integration.go:652.46,661.2 6 1
github.com/luxfi/dex/pkg/lx/x_chain_integration.go:664.51,669.2 3 1
github.com/luxfi/dex/pkg/lx/x_chain_integration.go:672.40,678.2 1 1
github.com/luxfi/dex/pkg/lx/x_chain_integration.go:681.54,686.2 3 1
github.com/luxfi/dex/pkg/lx/x_chain_integration.go:689.57,694.2 3 1
github.com/luxfi/dex/pkg/lx/x_chain_integration.go:697.60,702.2 3 1
github.com/luxfi/dex/pkg/lx/x_chain_integration.go:705.84,712.2 1 1
github.com/luxfi/dex/pkg/lx/x_chain_integration.go:715.71,723.30 5 1
github.com/luxfi/dex/pkg/lx/x_chain_integration.go:723.30,725.3 1 1
github.com/luxfi/dex/pkg/lx/x_chain_integration.go:727.2,733.13 4 1
github.com/luxfi/dex/pkg/lx/x_chain_integration.go:737.57,742.13 4 1
github.com/luxfi/dex/pkg/lx/x_chain_integration.go:742.13,745.3 2 1
github.com/luxfi/dex/pkg/lx/x_chain_integration.go:746.2,750.11 3 1
github.com/luxfi/dex/pkg/lx/x_chain_integration.go:754.50,758.2 3 1
github.com/luxfi/dex/pkg/lx/x_chain_integration.go:761.64,765.2 3 1
github.com/luxfi/dex/pkg/lx/x_chain_integration.go:768.73,772.2 3 1
github.com/luxfi/dex/pkg/metric/metric.go:16.30,21.2 1 1
github.com/luxfi/dex/pkg/metric/metric.go:29.36,31.2 1 1
github.com/luxfi/dex/pkg/metric/metric.go:34.33,36.2 1 1
github.com/luxfi/dex/pkg/metric/metric.go:39.50,43.43 3 1
github.com/luxfi/dex/pkg/metric/metric.go:43.43,45.3 1 1
github.com/luxfi/dex/pkg/metric/metric.go:47.2,49.10 3 1
github.com/luxfi/dex/pkg/metric/metric.go:59.44,63.2 3 1
github.com/luxfi/dex/pkg/metric/metric.go:66.51,70.24 3 1
github.com/luxfi/dex/pkg/metric/metric.go:70.24,72.3 1 1
github.com/luxfi/dex/pkg/metric/metric.go:75.2,76.29 2 1
github.com/luxfi/dex/pkg/metric/metric.go:76.29,78.3 1 1
github.com/luxfi/dex/pkg/metric/metric.go:79.2,79.37 1 1
github.com/luxfi/dex/pkg/metric/metric.go:83.54,87.45 3 1
github.com/luxfi/dex/pkg/metric/metric.go:87.45,89.3 1 1
github.com/luxfi/dex/pkg/metric/metric.go:91.2,95.10 3 1
github.com/luxfi/dex/pkg/mlx/mlx.go:63.47,69.22 3 1
github.com/luxfi/dex/pkg/mlx/mlx.go:70.16,71.32 1 1
github.com/luxfi/dex/pkg/mlx/mlx.go:71.32,74.4 2 1
github.com/luxfi/dex/pkg/mlx/mlx.go:74.9,76.4 1 0
github.com/luxfi/dex/pkg/mlx/mlx.go:77.15,79.26 1 0
github.com/luxfi/dex/pkg/mlx/mlx.go:80.10,81.26 1 0
github.com/luxfi/dex/pkg/mlx/mlx.go:85.2,85.35 1 1
github.com/luxfi/dex/pkg/mlx/mlx.go:85.35,87.3 1 1
github.com/luxfi/dex/pkg/mlx/mlx.go:90.2,90.30 1 1
github.com/luxfi/dex/pkg/mlx/mlx.go:90.30,96.3 1 1
github.com/luxfi/dex/pkg/mlx/mlx.go:98.2,102.8 1 1
github.com/luxfi/dex/pkg/mlx/mlx.go:105.42,107.2 1 1
github.com/luxfi/dex/pkg/mlx/mlx.go:109.40,111.2 1 1
github.com/luxfi/dex/pkg/mlx/mlx.go:113.46,115.2 1 1
github.com/luxfi/dex/pkg/mlx/mlx.go:118.63,119.38 1 1
github.com/luxfi/dex/pkg/mlx/mlx.go:119.38,121.3 1 1
github.com/luxfi/dex/pkg/mlx/mlx.go:125.2,128.47 3 1
github.com/luxfi/dex/pkg/mlx/mlx.go:128.47,129.47 1 1
github.com/luxfi/dex/pkg/mlx/mlx.go:129.47,131.32 2 1
github.com/luxfi/dex/pkg/mlx/mlx.go:131.32,133.5 1 1
github.com/luxfi/dex/pkg/mlx/mlx.go:135.4,146.30 4 1
github.com/luxfi/dex/pkg/mlx/mlx.go:146.30,148.5 1 1
github.com/luxfi/dex/pkg/mlx/mlx.go:149.4,149.30 1 1
github.com/luxfi/dex/pkg/mlx/mlx.go:149.30,151.5 1 1
github.com/luxfi/dex/pkg/mlx/mlx.go:152.9,153.9 1 1
github.com/luxfi/dex/pkg/mlx/mlx.go:160.2,160.15 1 1
github.com/luxfi/dex/pkg/mlx/mlx.go:164.57,171.22 4 1
github.com/luxfi/dex/pkg/mlx/mlx.go:171.22,178.3 1 1
github.com/luxfi/dex/pkg/mlx/mlx.go:180.2,180.22 1 1
github.com/luxfi/dex/pkg/mlx/mlx.go:180.22,187.3 1 1
github.com/luxfi/dex/pkg/mlx/mlx.go:190.2,193.47 3 1
github.com/luxfi/dex/pkg/mlx/mlx.go:196.33,198.2 0 1
github.com/luxfi/dex/pkg/mlx/mlx.go:208.42,210.2 1 1
github.com/luxfi/dex/pkg/mlx/mlx.go:212.40,214.2 1 1
github.com/luxfi/dex/pkg/mlx/mlx.go:216.46,218.2 1 1
github.com/luxfi/dex/pkg/mlx/mlx.go:220.63,229.47 6 1
github.com/luxfi/dex/pkg/mlx/mlx.go:229.47,233.29 3 1
github.com/luxfi/dex/pkg/mlx/mlx.go:233.29,235.23 2 1
github.com/luxfi/dex/pkg/mlx/mlx.go:235.23,237.5 1 1
github.com/luxfi/dex/pkg/mlx/mlx.go:239.4,251.21 5 1
github.com/luxfi/dex/pkg/mlx/mlx.go:251.21,253.5 1 1
github.com/luxfi/dex/pkg/mlx/mlx.go:254.4,254.21 1 1
github.com/luxfi/dex/pkg/mlx/mlx.go:254.21,256.5 1 1
github.com/luxfi/dex/pkg/mlx/mlx.go:257.9,258.9 1 1
github.com/luxfi/dex/pkg/mlx/mlx.go:262.2,262.15 1 1
github.com/luxfi/dex/pkg/mlx/mlx.go:265.57,271.22 4 1
github.com/luxfi/dex/pkg/mlx/mlx.go:271.22,278.3 1 1
github.com/luxfi/dex/pkg/mlx/mlx.go:280.2,280.22 1 1
github.com/luxfi/dex/pkg/mlx/mlx.go:280.22,287.3 1 1
github.com/luxfi/dex/pkg/mlx/mlx.go:289.2,292.47 3 1
github.com/luxfi/dex/pkg/mlx/mlx.go:295.33,297.2 0 1
github.com/luxfi/dex/pkg/orderbook/cpp_orderbook.go:20.44,24.2 1 1
github.com/luxfi/dex/pkg/orderbook/cpp_orderbook.go:30.54,31.18 1 0
github.com/luxfi/dex/pkg/orderbook/cpp_orderbook.go:31.18,33.3 1 0
github.com/luxfi/dex/pkg/orderbook/cpp_orderbook.go:34.2,37.17 2 0
github.com/luxfi/dex/pkg/orderbook/cpp_orderbook.go:40.57,41.18 1 0
github.com/luxfi/dex/pkg/orderbook/cpp_orderbook.go:41.18,43.3 1 0
github.com/luxfi/dex/pkg/orderbook/cpp_orderbook.go:44.2,45.20 2 0
github.com/luxfi/dex/pkg/orderbook/cpp_orderbook.go:48.88,51.2 1 0
github.com/luxfi/dex/pkg/orderbook/cpp_orderbook.go:53.46,56.2 1 0
github.com/luxfi/dex/pkg/orderbook/cpp_orderbook.go:58.45,61.2 1 0
github.com/luxfi/dex/pkg/orderbook/cpp_orderbook.go:63.45,66.2 1 0
github.com/luxfi/dex/pkg/orderbook/cpp_orderbook.go:68.51,74.2 1 0
github.com/luxfi/dex/pkg/orderbook/cpp_orderbook.go:76.43,79.2 1 0
github.com/luxfi/dex/pkg/orderbook/factory_cgo.go:11.41,12.44 1 1
github.com/luxfi/dex/pkg/orderbook/factory_cgo.go:12.44,14.3 1 0
github.com/luxfi/dex/pkg/orderbook/factory_cgo.go:15.2,15.29 1 1
github.com/luxfi/dex/pkg/orderbook/orderbook.go:20.49,26.2 1 1
github.com/luxfi/dex/pkg/orderbook/orderbook.go:29.54,30.60 1 1
github.com/luxfi/dex/pkg/orderbook/orderbook.go:30.60,32.3 1 1
github.com/luxfi/dex/pkg/orderbook/orderbook.go:34.2,37.19 3 1
github.com/luxfi/dex/pkg/orderbook/orderbook.go:37.19,40.3 2 1
github.com/luxfi/dex/pkg/orderbook/orderbook.go:42.2,46.23 3 1
github.com/luxfi/dex/pkg/orderbook/orderbook.go:46.23,48.3 1 1
github.com/luxfi/dex/pkg/orderbook/orderbook.go:48.8,50.3 1 1
github.com/luxfi/dex/pkg/orderbook/orderbook.go:52.2,52.17 1 1
github.com/luxfi/dex/pkg/orderbook/orderbook.go:56.57,61.13 4 1
github.com/luxfi/dex/pkg/orderbook/orderbook.go:61.13,63.3 1 1
github.com/luxfi/dex/pkg/orderbook/orderbook.go:65.2,68.23 2 1
github.com/luxfi/dex/pkg/orderbook/orderbook.go:68.23,70.3 1 1
github.com/luxfi/dex/pkg/orderbook/orderbook.go:70.8,72.3 1 0
github.com/luxfi/dex/pkg/orderbook/orderbook.go:74.2,74.13 1 1
github.com/luxfi/dex/pkg/orderbook/orderbook.go:78.88,83.13 4 1
github.com/luxfi/dex/pkg/orderbook/orderbook.go:83.13,85.3 1 1
github.com/luxfi/dex/pkg/orderbook/orderbook.go:88.2,88.23 1 1
github.com/luxfi/dex/pkg/orderbook/orderbook.go:88.23,90.3 1 1
github.com/luxfi/dex/pkg/orderbook/orderbook.go:90.8,92.3 1 0
github.com/luxfi/dex/pkg/orderbook/orderbook.go:95.2,99.23 3 1
github.com/luxfi/dex/pkg/orderbook/orderbook.go:99.23,101.3 1 1
github.com/luxfi/dex/pkg/orderbook/orderbook.go:101.8,103.3 1 0
github.com/luxfi/dex/pkg/orderbook/orderbook.go:105.2,105.13 1 1
github.com/luxfi/dex/pkg/orderbook/orderbook.go:109.46,115.43 4 1
github.com/luxfi/dex/pkg/orderbook/orderbook.go:115.43,122.29 5 1
github.com/luxfi/dex/pkg/orderbook/orderbook.go:122.29,125.31 2 1
github.com/luxfi/dex/pkg/orderbook/orderbook.go:125.31,127.5 1 1
github.com/luxfi/dex/pkg/orderbook/orderbook.go:129.4,149.25 8 1
github.com/luxfi/dex/pkg/orderbook/orderbook.go:149.25,152.5 2 0
github.com/luxfi/dex/pkg/orderbook/orderbook.go:153.4,153.25 1 1
github.com/luxfi/dex/pkg/orderbook/orderbook.go:153.25,156.5 2 1
github.com/luxfi/dex/pkg/orderbook/orderbook.go:157.9,158.9 1 1
github.com/luxfi/dex/pkg/orderbook/orderbook.go:162.2,162.15 1 1
github.com/luxfi/dex/pkg/orderbook/orderbook.go:166.45,170.23 3 1
github.com/luxfi/dex/pkg/orderbook/orderbook.go:170.23,172.3 1 1
github.com/luxfi/dex/pkg/orderbook/orderbook.go:174.2,174.36 1 1
github.com/luxfi/dex/pkg/orderbook/orderbook.go:178.45,182.23 3 1
github.com/luxfi/dex/pkg/orderbook/orderbook.go:182.23,184.3 1 1
github.com/luxfi/dex/pkg/orderbook/orderbook.go:186.2,186.36 1 1
github.com/luxfi/dex/pkg/orderbook/orderbook.go:190.52,201.29 5 1
github.com/luxfi/dex/pkg/orderbook/orderbook.go:201.29,203.30 2 1
github.com/luxfi/dex/pkg/orderbook/orderbook.go:203.30,204.12 1 0
github.com/luxfi/dex/pkg/orderbook/orderbook.go:206.3,206.43 1 1
github.com/luxfi/dex/pkg/orderbook/orderbook.go:210.2,211.29 2 1
github.com/luxfi/dex/pkg/orderbook/orderbook.go:211.29,213.30 2 1
github.com/luxfi/dex/pkg/orderbook/orderbook.go:213.30,214.12 1 0
github.com/luxfi/dex/pkg/orderbook/orderbook.go:216.3,216.43 1 1
github.com/luxfi/dex/pkg/orderbook/orderbook.go:220.2,220.37 1 1
github.com/luxfi/dex/pkg/orderbook/orderbook.go:220.37,222.32 2 1
github.com/luxfi/dex/pkg/orderbook/orderbook.go:222.32,223.9 1 1
github.com/luxfi/dex/pkg/orderbook/orderbook.go:227.2,227.37 1 1
github.com/luxfi/dex/pkg/orderbook/orderbook.go:227.37,229.32 2 1
github.com/luxfi/dex/pkg/orderbook/orderbook.go:229.32,230.9 1 1
github.com/luxfi/dex/pkg/orderbook/orderbook.go:234.2,234.14 1 1
github.com/luxfi/dex/pkg/orderbook/orderbook.go:238.43,242.2 3 1
github.com/luxfi/dex/pkg/orderbook/orderbook.go:245.50,247.29 2 1
github.com/luxfi/dex/pkg/orderbook/orderbook.go:247.29,249.3 1 0
github.com/luxfi/dex/pkg/orderbook/orderbook.go:252.2,253.25 2 1
github.com/luxfi/dex/pkg/orderbook/orderbook.go:253.25,255.33 2 1
github.com/luxfi/dex/pkg/orderbook/orderbook.go:255.33,256.12 1 0
github.com/luxfi/dex/pkg/orderbook/orderbook.go:258.3,258.35 1 1
github.com/luxfi/dex/pkg/orderbook/orderbook.go:258.35,259.9 1 1
github.com/luxfi/dex/pkg/orderbook/orderbook.go:261.3,261.8 1 1
github.com/luxfi/dex/pkg/orderbook/orderbook.go:265.2,267.24 3 1
github.com/luxfi/dex/pkg/orderbook/orderbook.go:270.50,272.29 2 1
github.com/luxfi/dex/pkg/orderbook/orderbook.go:272.29,274.3 1 0
github.com/luxfi/dex/pkg/orderbook/orderbook.go:277.2,278.25 2 1
github.com/luxfi/dex/pkg/orderbook/orderbook.go:278.25,280.33 2 1
github.com/luxfi/dex/pkg/orderbook/orderbook.go:280.33,281.12 1 0
github.com/luxfi/dex/pkg/orderbook/orderbook.go:283.3,283.35 1 1
github.com/luxfi/dex/pkg/orderbook/orderbook.go:283.35,284.9 1 1
github.com/luxfi/dex/pkg/orderbook/orderbook.go:286.3,286.8 1 1
github.com/luxfi/dex/pkg/orderbook/orderbook.go:290.2,292.24 3 1
github.com/luxfi/dex/pkg/orderbook/orderbook.go:295.50,296.29 1 1
github.com/luxfi/dex/pkg/orderbook/orderbook.go:296.29,297.20 1 1
github.com/luxfi/dex/pkg/orderbook/orderbook.go:297.20,299.9 2 1
github.com/luxfi/dex/pkg/orderbook/orderbook.go:304.50,305.29 1 0
github.com/luxfi/dex/pkg/orderbook/orderbook.go:305.29,306.20 1 0
github.com/luxfi/dex/pkg/orderbook/orderbook.go:306.20,308.9 2 0
github.com/luxfi/dex/pkg/dpdk/kernel_bypass.go:57.83,65.22 2 0
github.com/luxfi/dex/pkg/dpdk/kernel_bypass.go:66.15,68.47 1 0
github.com/luxfi/dex/pkg/dpdk/kernel_bypass.go:68.47,71.4 2 0
github.com/luxfi/dex/pkg/dpdk/kernel_bypass.go:73.3,73.48 1 0
github.com/luxfi/dex/pkg/dpdk/kernel_bypass.go:73.48,76.4 2 0
github.com/luxfi/dex/pkg/dpdk/kernel_bypass.go:77.16,79.42 1 0
github.com/luxfi/dex/pkg/dpdk/kernel_bypass.go:79.42,82.4 2 0
github.com/luxfi/dex/pkg/dpdk/kernel_bypass.go:84.3,84.48 1 0
github.com/luxfi/dex/pkg/dpdk/kernel_bypass.go:84.48,87.4 2 0
github.com/luxfi/dex/pkg/dpdk/kernel_bypass.go:88.10,90.54 1 0
github.com/luxfi/dex/pkg/dpdk/kernel_bypass.go:90.54,93.4 2 0
github.com/luxfi/dex/pkg/dpdk/kernel_bypass.go:96.2,96.81 1 0
github.com/luxfi/dex/pkg/dpdk/kernel_bypass.go:100.51,101.29 1 0
github.com/luxfi/dex/pkg/dpdk/kernel_bypass.go:101.29,103.3 1 0
github.com/luxfi/dex/pkg/dpdk/kernel_bypass.go:106.2,107.16 2 0
github.com/luxfi/dex/pkg/dpdk/kernel_bypass.go:107.16,109.3 1 0
github.com/luxfi/dex/pkg/dpdk/kernel_bypass.go:110.2,122.12 4 0
github.com/luxfi/dex/pkg/dpdk/kernel_bypass.go:126.46,127.59 1 0
github.com/luxfi/dex/pkg/dpdk/kernel_bypass.go:127.59,129.3 1 0
github.com/luxfi/dex/pkg/dpdk/kernel_bypass.go:133.2,133.46 1 0
github.com/luxfi/dex/pkg/dpdk/kernel_bypass.go:137.52,140.16 2 0
github.com/luxfi/dex/pkg/dpdk/kernel_bypass.go:140.16,142.3 1 0
github.com/luxfi/dex/pkg/dpdk/kernel_bypass.go:143.2,158.12 5 0
github.com/luxfi/dex/pkg/dpdk/kernel_bypass.go:162.58,165.16 2 0
github.com/luxfi/dex/pkg/dpdk/kernel_bypass.go:165.16,167.3 1 0
github.com/luxfi/dex/pkg/dpdk/kernel_bypass.go:170.2,171.16 2 0
github.com/luxfi/dex/pkg/dpdk/kernel_bypass.go:171.16,173.3 1 0
github.com/luxfi/dex/pkg/dpdk/kernel_bypass.go:175.2,176.35 2 0
github.com/luxfi/dex/pkg/dpdk/kernel_bypass.go:176.35,184.3 3 0
github.com/luxfi/dex/pkg/dpdk/kernel_bypass.go:186.2,186.20 1 0
github.com/luxfi/dex/pkg/dpdk/kernel_bypass.go:186.20,188.3 1 0
github.com/luxfi/dex/pkg/dpdk/kernel_bypass.go:191.2,197.12 2 0
github.com/luxfi/dex/pkg/dpdk/kernel_bypass.go:201.53,204.6 2 0
github.com/luxfi/dex/pkg/dpdk/kernel_bypass.go:204.6,207.17 2 0
github.com/luxfi/dex/pkg/dpdk/kernel_bypass.go:207.17,208.59 1 0
github.com/luxfi/dex/pkg/dpdk/kernel_bypass.go:208.59,209.13 1 0
github.com/luxfi/dex/pkg/dpdk/kernel_bypass.go:211.4,211.14 1 0
github.com/luxfi/dex/pkg/dpdk/kernel_bypass.go:214.3,218.19 3 0
github.com/luxfi/dex/pkg/dpdk/kernel_bypass.go:218.19,223.34 3 0
github.com/luxfi/dex/pkg/dpdk/kernel_bypass.go:223.34,225.5 1 0
github.com/luxfi/dex/pkg/dpdk/kernel_bypass.go:228.4,230.34 3 0
github.com/luxfi/dex/pkg/dpdk/kernel_bypass.go:233.3,233.34 1 0
github.com/luxfi/dex/pkg/dpdk/kernel_bypass.go:238.64,242.20 1 0
github.com/luxfi/dex/pkg/dpdk/kernel_bypass.go:242.20,244.3 1 0
github.com/luxfi/dex/pkg/dpdk/kernel_bypass.go:247.2,255.14 2 0
github.com/luxfi/dex/pkg/dpdk/kernel_bypass.go:259.64,270.2 1 0
github.com/luxfi/dex/pkg/dpdk/kernel_bypass.go:273.60,276.2 1 0
github.com/luxfi/dex/pkg/dpdk/kernel_bypass.go:279.44,280.19 1 0
github.com/luxfi/dex/pkg/dpdk/kernel_bypass.go:280.19,282.3 1 0
github.com/luxfi/dex/pkg/dpdk/kernel_bypass.go:283.2,283.12 1 0
github.com/luxfi/dex/pkg/dpdk/kernel_bypass.go:287.29,289.2 1 0
github.com/luxfi/dex/pkg/dpdk/kernel_bypass.go:294.33,295.29 1 0
github.com/luxfi/dex/pkg/dpdk/kernel_bypass.go:295.29,297.3 1 0
github.com/luxfi/dex/pkg/dpdk/kernel_bypass.go:302.2,302.72 1 0
github.com/luxfi/dex/pkg/dpdk/kernel_bypass.go:306.34,307.30 1 0
github.com/luxfi/dex/pkg/dpdk/kernel_bypass.go:307.30,309.3 1 0
github.com/luxfi/dex/pkg/dpdk/kernel_bypass.go:312.2,312.72 1 0
github.com/luxfi/dex/pkg/engine/mlx_engine.go:35.57,37.59 1 1
github.com/luxfi/dex/pkg/engine/mlx_engine.go:37.59,39.3 1 0
github.com/luxfi/dex/pkg/engine/mlx_engine.go:41.2,49.20 2 1
github.com/luxfi/dex/pkg/engine/mlx_engine.go:53.72,54.20 1 1
github.com/luxfi/dex/pkg/engine/mlx_engine.go:54.20,56.3 1 1
github.com/luxfi/dex/pkg/engine/mlx_engine.go:58.2,67.24 5 1
github.com/luxfi/dex/pkg/engine/mlx_engine.go:67.24,69.3 1 1
github.com/luxfi/dex/pkg/engine/mlx_engine.go:71.2,83.8 5 1
github.com/luxfi/dex/pkg/engine/mlx_engine.go:87.45,96.2 1 1
github.com/luxfi/dex/pkg/engine/mlx_engine.go:99.57,100.41 1 1
github.com/luxfi/dex/pkg/engine/mlx_engine.go:100.41,102.3 1 1
github.com/luxfi/dex/pkg/engine/mlx_engine.go:106.2,108.12 2 1
github.com/luxfi/dex/pkg/engine/mlx_engine.go:150.27,162.2 1 1
github.com/luxfi/dex/pkg/engine/mlx_engine.go:165.30,169.2 1 1
github.com/luxfi/dex/pkg/engine/mlx_engine.go:172.39,174.27 2 1
github.com/luxfi/dex/pkg/engine/mlx_engine.go:174.27,176.3 1 1
github.com/luxfi/dex/pkg/engine/mlx_engine.go:177.2,177.13 1 1
github.com/luxfi/dex/pkg/engine/mlx_engine.go:181.72,185.24 3 1
github.com/luxfi/dex/pkg/engine/mlx_engine.go:185.24,194.3 1 1
github.com/luxfi/dex/pkg/engine/mlx_engine.go:196.2,201.35 5 1
github.com/luxfi/dex/pkg/engine/mlx_engine.go:201.35,203.17 2 1
github.com/luxfi/dex/pkg/engine/mlx_engine.go:203.17,204.12 1 0
github.com/luxfi/dex/pkg/engine/mlx_engine.go:207.3,209.38 3 1
github.com/luxfi/dex/pkg/engine/mlx_engine.go:212.2,220.3 2 1
github.com/luxfi/dex/pkg/engine/mlx_engine.go:233.47,245.2 3 1
github.com/luxfi/dex/pkg/proto/engine/proto/lx_engine.pb.go:47.38,51.2 3 0
github.com/luxfi/dex/pkg/proto/engine/proto/lx_engine.pb.go:53.36,55.2 1 0
github.com/luxfi/dex/pkg/proto/engine/proto/lx_engine.pb.go:57.59,59.2 1 0
github.com/luxfi/dex/pkg/proto/engine/proto/lx_engine.pb.go:61.47,63.2 1 0
github.com/luxfi/dex/pkg/proto/engine/proto/lx_engine.pb.go:65.53,67.2 1 0
github.com/luxfi/dex/pkg/proto/engine/proto/lx_engine.pb.go:70.51,72.2 1 0
github.com/luxfi/dex/pkg/proto/engine/proto/lx_engine.pb.go:102.38,106.2 3 0
github.com/luxfi/dex/pkg/proto/engine/proto/lx_engine.pb.go:108.36,110.2 1 0
github.com/luxfi/dex/pkg/proto/engine/proto/lx_engine.pb.go:112.59,114.2 1 0
github.com/luxfi/dex/pkg/proto/engine/proto/lx_engine.pb.go:116.47,118.2 1 0
github.com/luxfi/dex/pkg/proto/engine/proto/lx_engine.pb.go:120.53,122.2 1 0
github.com/luxfi/dex/pkg/proto/engine/proto/lx_engine.pb.go:125.51,127.2 1 0
github.com/luxfi/dex/pkg/proto/engine/proto/lx_engine.pb.go:160.42,164.2 3 0
github.com/luxfi/dex/pkg/proto/engine/proto/lx_engine.pb.go:166.38,168.2 1 0
github.com/luxfi/dex/pkg/proto/engine/proto/lx_engine.pb.go:170.61,172.2 1 0
github.com/luxfi/dex/pkg/proto/engine/proto/lx_engine.pb.go:174.49,176.2 1 0
github.com/luxfi/dex/pkg/proto/engine/proto/lx_engine.pb.go:178.55,180.2 1 0
github.com/luxfi/dex/pkg/proto/engine/proto/lx_engine.pb.go:183.53,185.2 1 0
github.com/luxfi/dex/pkg/proto/engine/proto/lx_engine.pb.go:200.38,205.2 4 0
github.com/luxfi/dex/pkg/proto/engine/proto/lx_engine.pb.go:207.46,209.2 1 0
github.com/luxfi/dex/pkg/proto/engine/proto/lx_engine.pb.go:211.44,211.45 0 0
github.com/luxfi/dex/pkg/proto/engine/proto/lx_engine.pb.go:213.66,215.14 2 0
github.com/luxfi/dex/pkg/proto/engine/proto/lx_engine.pb.go:215.14,217.34 2 0
github.com/luxfi/dex/pkg/proto/engine/proto/lx_engine.pb.go:217.34,219.4 1 0
github.com/luxfi/dex/pkg/proto/engine/proto/lx_engine.pb.go:220.3,220.12 1 0
github.com/luxfi/dex/pkg/proto/engine/proto/lx_engine.pb.go:222.2,222.24 1 0
github.com/luxfi/dex/pkg/proto/engine/proto/lx_engine.pb.go:226.57,228.2 1 0
github.com/luxfi/dex/pkg/proto/engine/proto/lx_engine.pb.go:230.49,231.14 1 0
github.com/luxfi/dex/pkg/proto/engine/proto/lx_engine.pb.go:231.14,233.3 1 0
github.com/luxfi/dex/pkg/proto/engine/proto/lx_engine.pb.go:234.2,234.11 1 0
github.com/luxfi/dex/pkg/proto/engine/proto/lx_engine.pb.go:237.50,238.14 1 0
github.com/luxfi/dex/pkg/proto/engine/proto/lx_engine.pb.go:238.14,240.3 1 0
github.com/luxfi/dex/pkg/proto/engine/proto/lx_engine.pb.go:241.2,241.41 1 0
github.com/luxfi/dex/pkg/proto/engine/proto/lx_engine.pb.go:244.50,245.14 1 0
github.com/luxfi/dex/pkg/proto/engine/proto/lx_engine.pb.go:245.14,247.3 1 0
github.com/luxfi/dex/pkg/proto/engine/proto/lx_engine.pb.go:248.2,248.41 1 0
github.com/luxfi/dex/pkg/proto/engine/proto/lx_engine.pb.go:251.52,252.14 1 0
github.com/luxfi/dex/pkg/proto/engine/proto/lx_engine.pb.go:252.14,254.3 1 0
github.com/luxfi/dex/pkg/proto/engine/proto/lx_engine.pb.go:255.2,255.10 1 0
github.com/luxfi/dex/pkg/proto/engine/proto/lx_engine.pb.go:258.49,259.14 1 0
github.com/luxfi/dex/pkg/proto/engine/proto/lx_engine.pb.go:259.14,261.3 1 0
github.com/luxfi/dex/pkg/proto/engine/proto/lx_engine.pb.go:262.2,262.10 1 0
github.com/luxfi/dex/pkg/proto/engine/proto/lx_engine.pb.go:265.56,266.14 1 0
github.com/luxfi/dex/pkg/proto/engine/proto/lx_engine.pb.go:266.14,268.3 1 0
github.com/luxfi/dex/pkg/proto/engine/proto/lx_engine.pb.go:269.2,269.11 1 0
github.com/luxfi/dex/pkg/proto/engine/proto/lx_engine.pb.go:281.39,286.2 4 0
github.com/luxfi/dex/pkg/proto/engine/proto/lx_engine.pb.go:288.47,290.2 1 0
github.com/luxfi/dex/pkg/proto/engine/proto/lx_engine.pb.go:292.45,292.46 0 0
github.com/luxfi/dex/pkg/proto/engine/proto/lx_engine.pb.go:294.67,296.14 2 0
github.com/luxfi/dex/pkg/proto/engine/proto/lx_engine.pb.go:296.14,298.34 2 0
github.com/luxfi/dex/pkg/proto/engine/proto/lx_engine.pb.go:298.34,300.4 1 0
github.com/luxfi/dex/pkg/proto/engine/proto/lx_engine.pb.go:301.3,301.12 1 0
github.com/luxfi/dex/pkg/proto/engine/proto/lx_engine.pb.go:303.2,303.24 1 0
github.com/luxfi/dex/pkg/proto/engine/proto/lx_engine.pb.go:307.58,309.2 1 0
github.com/luxfi/dex/pkg/proto/engine/proto/lx_engine.pb.go:311.51,312.14 1 0
github.com/luxfi/dex/pkg/proto/engine/proto/lx_engine.pb.go:312.14,314.3 1 0
github.com/luxfi/dex/pkg/proto/engine/proto/lx_engine.pb.go:315.2,315.11 1 0
github.com/luxfi/dex/pkg/proto/engine/proto/lx_engine.pb.go:318.55,319.14 1 0
github.com/luxfi/dex/pkg/proto/engine/proto/lx_engine.pb.go:319.14,321.3 1 0
github.com/luxfi/dex/pkg/proto/engine/proto/lx_engine.pb.go:322.2,322.45 1 0
github.com/luxfi/dex/pkg/proto/engine/proto/lx_engine.pb.go:325.51,326.14 1 0
github.com/luxfi/dex/pkg/proto/engine/proto/lx_engine.pb.go:326.14,328.3 1 0
github.com/luxfi/dex/pkg/proto/engine/proto/lx_engine.pb.go:329.2,329.11 1 0
github.com/luxfi/dex/pkg/proto/engine/proto/lx_engine.pb.go:340.38,345.2 4 0
github.com/luxfi/dex/pkg/proto/engine/proto/lx_engine.pb.go:347.46,349.2 1 0
github.com/luxfi/dex/pkg/proto/engine/proto/lx_engine.pb.go:351.44,351.45 0 0
github.com/luxfi/dex/pkg/proto/engine/proto/lx_engine.pb.go:353.66,355.14 2 0
github.com/luxfi/dex/pkg/proto/engine/proto/lx_engine.pb.go:355.14,357.34 2 0
github.com/luxfi/dex/pkg/proto/engine/proto/lx_engine.pb.go:357.34,359.4 1 0
github.com/luxfi/dex/pkg/proto/engine/proto/lx_engine.pb.go:360.3,360.12 1 0
github.com/luxfi/dex/pkg/proto/engine/proto/lx_engine.pb.go:362.2,362.24 1 0
github.com/luxfi/dex/pkg/proto/engine/proto/lx_engine.pb.go:366.57,368.2 1 0
github.com/luxfi/dex/pkg/proto/engine/proto/lx_engine.pb.go:370.50,371.14 1 0
github.com/luxfi/dex/pkg/proto/engine/proto/lx_engine.pb.go:371.14,373.3 1 0
github.com/luxfi/dex/pkg/proto/engine/proto/lx_engine.pb.go:374.2,374.11 1 0
github.com/luxfi/dex/pkg/proto/engine/proto/lx_engine.pb.go:385.39,390.2 4 0
github.com/luxfi/dex/pkg/proto/engine/proto/lx_engine.pb.go:392.47,394.2 1 0
github.com/luxfi/dex/pkg/proto/engine/proto/lx_engine.pb.go:396.45,396.46 0 0
github.com/luxfi/dex/pkg/proto/engine/proto/lx_engine.pb.go:398.67,400.14 2 0
github.com/luxfi/dex/pkg/proto/engine/proto/lx_engine.pb.go:400.14,402.34 2 0
github.com/luxfi/dex/pkg/proto/engine/proto/lx_engine.pb.go:402.34,404.4 1 0
github.com/luxfi/dex/pkg/proto/engine/proto/lx_engine.pb.go:405.3,405.12 1 0
github.com/luxfi/dex/pkg/proto/engine/proto/lx_engine.pb.go:407.2,407.24 1 0
github.com/luxfi/dex/pkg/proto/engine/proto/lx_engine.pb.go:411.58,413.2 1 0
github.com/luxfi/dex/pkg/proto/engine/proto/lx_engine.pb.go:415.49,416.14 1 0
github.com/luxfi/dex/pkg/proto/engine/proto/lx_engine.pb.go:416.14,418.3 1 0
github.com/luxfi/dex/pkg/proto/engine/proto/lx_engine.pb.go:419.2,419.14 1 0
github.com/luxfi/dex/pkg/proto/engine/proto/lx_engine.pb.go:422.51,423.14 1 0
github.com/luxfi/dex/pkg/proto/engine/proto/lx_engine.pb.go:423.14,425.3 1 0
github.com/luxfi/dex/pkg/proto/engine/proto/lx_engine.pb.go:426.2,426.11 1 0
github.com/luxfi/dex/pkg/proto/engine/proto/lx_engine.pb.go:438.39,443.2 4 0
github.com/luxfi/dex/pkg/proto/engine/proto/lx_engine.pb.go:445.47,447.2 1 0
github.com/luxfi/dex/pkg/proto/engine/proto/lx_engine.pb.go:449.45,449.46 0 0
github.com/luxfi/dex/pkg/proto/engine/proto/lx_engine.pb.go:451.67,453.14 2 0
github.com/luxfi/dex/pkg/proto/engine/proto/lx_engine.pb.go:453.14,455.34 2 0
github.com/luxfi/dex/pkg/proto/engine/proto/lx_engine.pb.go:455.34,457.4 1 0
github.com/luxfi/dex/pkg/proto/engine/proto/lx_engine.pb.go:458.3,458.12 1 0
github.com/luxfi/dex/pkg/proto/engine/proto/lx_engine.pb.go:460.2,460.24 1 0
github.com/luxfi/dex/pkg/proto/engine/proto/lx_engine.pb.go:464.58,466.2 1 0
github.com/luxfi/dex/pkg/proto/engine/proto/lx_engine.pb.go:468.50,469.14 1 0
github.com/luxfi/dex/pkg/proto/engine/proto/lx_engine.pb.go:469.14,471.3 1 0
github.com/luxfi/dex/pkg/proto/engine/proto/lx_engine.pb.go:472.2,472.11 1 0
github.com/luxfi/dex/pkg/proto/engine/proto/lx_engine.pb.go:475.48,476.14 1 0
github.com/luxfi/dex/pkg/proto/engine/proto/lx_engine.pb.go:476.14,478.3 1 0
github.com/luxfi/dex/pkg/proto/engine/proto/lx_engine.pb.go:479.2,479.10 1 0
github.com/luxfi/dex/pkg/proto/engine/proto/lx_engine.pb.go:491.30,496.2 4 0
github.com/luxfi/dex/pkg/proto/engine/proto/lx_engine.pb.go:498.38,500.2 1 0
github.com/luxfi/dex/pkg/proto/engine/proto/lx_engine.pb.go:502.36,502.37 0 0
github.com/luxfi/dex/pkg/proto/engine/proto/lx_engine.pb.go:504.58,506.14 2 0
github.com/luxfi/dex/pkg/proto/engine/proto/lx_engine.pb.go:506.14,508.34 2 0
github.com/luxfi/dex/pkg/proto/engine/proto/lx_engine.pb.go:508.34,510.4 1 0
github.com/luxfi/dex/pkg/proto/engine/proto/lx_engine.pb.go:511.3,511.12 1 0
github.com/luxfi/dex/pkg/proto/engine/proto/lx_engine.pb.go:513.2,513.24 1 0
github.com/luxfi/dex/pkg/proto/engine/proto/lx_engine.pb.go:517.49,519.2 1 0
github.com/luxfi/dex/pkg/proto/engine/proto/lx_engine.pb.go:521.41,522.14 1 0
github.com/luxfi/dex/pkg/proto/engine/proto/lx_engine.pb.go:522.14,524.3 1 0
github.com/luxfi/dex/pkg/proto/engine/proto/lx_engine.pb.go:525.2,525.10 1 0
github.com/luxfi/dex/pkg/proto/engine/proto/lx_engine.pb.go:528.44,529.14 1 0
github.com/luxfi/dex/pkg/proto/engine/proto/lx_engine.pb.go:529.14,531.3 1 0
github.com/luxfi/dex/pkg/proto/engine/proto/lx_engine.pb.go:532.2,532.10 1 0
github.com/luxfi/dex/pkg/proto/engine/proto/lx_engine.pb.go:535.44,536.14 1 0
github.com/luxfi/dex/pkg/proto/engine/proto/lx_engine.pb.go:536.14,538.3 1 0
github.com/luxfi/dex/pkg/proto/engine/proto/lx_engine.pb.go:539.2,539.10 1 0
github.com/luxfi/dex/pkg/proto/engine/proto/lx_engine.pb.go:552.40,557.2 4 0
github.com/luxfi/dex/pkg/proto/engine/proto/lx_engine.pb.go:559.48,561.2 1 0
github.com/luxfi/dex/pkg/proto/engine/proto/lx_engine.pb.go:563.46,563.47 0 0
github.com/luxfi/dex/pkg/proto/engine/proto/lx_engine.pb.go:565.68,567.14 2 0
github.com/luxfi/dex/pkg/proto/engine/proto/lx_engine.pb.go:567.14,569.34 2 0
github.com/luxfi/dex/pkg/proto/engine/proto/lx_engine.pb.go:569.34,571.4 1 0
github.com/luxfi/dex/pkg/proto/engine/proto/lx_engine.pb.go:572.3,572.12 1 0
github.com/luxfi/dex/pkg/proto/engine/proto/lx_engine.pb.go:574.2,574.24 1 0
github.com/luxfi/dex/pkg/proto/engine/proto/lx_engine.pb.go:578.59,580.2 1 0
github.com/luxfi/dex/pkg/proto/engine/proto/lx_engine.pb.go:582.51,583.14 1 0
github.com/luxfi/dex/pkg/proto/engine/proto/lx_engine.pb.go:583.14,585.3 1 0
github.com/luxfi/dex/pkg/proto/engine/proto/lx_engine.pb.go:586.2,586.11 1 0
github.com/luxfi/dex/pkg/proto/engine/proto/lx_engine.pb.go:589.56,590.14 1 0
github.com/luxfi/dex/pkg/proto/engine/proto/lx_engine.pb.go:590.14,592.3 1 0
github.com/luxfi/dex/pkg/proto/engine/proto/lx_engine.pb.go:593.2,593.12 1 0
github.com/luxfi/dex/pkg/proto/engine/proto/lx_engine.pb.go:596.56,597.14 1 0
github.com/luxfi/dex/pkg/proto/engine/proto/lx_engine.pb.go:597.14,599.3 1 0
github.com/luxfi/dex/pkg/proto/engine/proto/lx_engine.pb.go:600.2,600.12 1 0
github.com/luxfi/dex/pkg/proto/engine/proto/lx_engine.pb.go:603.53,604.14 1 0
github.com/luxfi/dex/pkg/proto/engine/proto/lx_engine.pb.go:604.14,606.3 1 0
github.com/luxfi/dex/pkg/proto/engine/proto/lx_engine.pb.go:607.2,607.10 1 0
github.com/luxfi/dex/pkg/proto/engine/proto/lx_engine.pb.go:619.42,624.2 4 0
github.com/luxfi/dex/pkg/proto/engine/proto/lx_engine.pb.go:626.50,628.2 1 0
github.com/luxfi/dex/pkg/proto/engine/proto/lx_engine.pb.go:630.48,630.49 0 0
github.com/luxfi/dex/pkg/proto/engine/proto/lx_engine.pb.go:632.70,634.14 2 0
github.com/luxfi/dex/pkg/proto/engine/proto/lx_engine.pb.go:634.14,636.34 2 0
github.com/luxfi/dex/pkg/proto/engine/proto/lx_engine.pb.go:636.34,638.4 1 0
github.com/luxfi/dex/pkg/proto/engine/proto/lx_engine.pb.go:639.3,639.12 1 0
github.com/luxfi/dex/pkg/proto/engine/proto/lx_engine.pb.go:641.2,641.24 1 0
github.com/luxfi/dex/pkg/proto/engine/proto/lx_engine.pb.go:645.61,647.2 1 0
github.com/luxfi/dex/pkg/proto/engine/proto/lx_engine.pb.go:649.53,650.14 1 0
github.com/luxfi/dex/pkg/proto/engine/proto/lx_engine.pb.go:650.14,652.3 1 0
github.com/luxfi/dex/pkg/proto/engine/proto/lx_engine.pb.go:653.2,653.11 1 0
github.com/luxfi/dex/pkg/proto/engine/proto/lx_engine.pb.go:656.51,657.14 1 0
github.com/luxfi/dex/pkg/proto/engine/proto/lx_engine.pb.go:657.14,659.3 1 0
github.com/luxfi/dex/pkg/proto/engine/proto/lx_engine.pb.go:660.2,660.10 1 0
github.com/luxfi/dex/pkg/proto/engine/proto/lx_engine.pb.go:674.35,679.2 4 0
github.com/luxfi/dex/pkg/proto/engine/proto/lx_engine.pb.go:681.43,683.2 1 0
github.com/luxfi/dex/pkg/proto/engine/proto/lx_engine.pb.go:685.41,685.42 0 0
github.com/luxfi/dex/pkg/proto/engine/proto/lx_engine.pb.go:687.63,689.14 2 0
github.com/luxfi/dex/pkg/proto/engine/proto/lx_engine.pb.go:689.14,691.34 2 0
github.com/luxfi/dex/pkg/proto/engine/proto/lx_engine.pb.go:691.34,693.4 1 0
github.com/luxfi/dex/pkg/proto/engine/proto/lx_engine.pb.go:694.3,694.12 1 0
github.com/luxfi/dex/pkg/proto/engine/proto/lx_engine.pb.go:696.2,696.24 1 0
github.com/luxfi/dex/pkg/proto/engine/proto/lx_engine.pb.go:700.54,702.2 1 0
github.com/luxfi/dex/pkg/proto/engine/proto/lx_engine.pb.go:704.46,705.14 1 0
github.com/luxfi/dex/pkg/proto/engine/proto/lx_engine.pb.go:705.14,707.3 1 0
github.com/luxfi/dex/pkg/proto/engine/proto/lx_engine.pb.go:708.2,708.11 1 0
github.com/luxfi/dex/pkg/proto/engine/proto/lx_engine.pb.go:711.57,712.14 1 0
github.com/luxfi/dex/pkg/proto/engine/proto/lx_engine.pb.go:712.14,714.3 1 0
github.com/luxfi/dex/pkg/proto/engine/proto/lx_engine.pb.go:715.2,715.12 1 0
github.com/luxfi/dex/pkg/proto/engine/proto/lx_engine.pb.go:718.57,719.14 1 0
github.com/luxfi/dex/pkg/proto/engine/proto/lx_engine.pb.go:719.14,721.3 1 0
github.com/luxfi/dex/pkg/proto/engine/proto/lx_engine.pb.go:722.2,722.12 1 0
github.com/luxfi/dex/pkg/proto/engine/proto/lx_engine.pb.go:725.48,726.14 1 0
github.com/luxfi/dex/pkg/proto/engine/proto/lx_engine.pb.go:726.14,728.3 1 0
github.com/luxfi/dex/pkg/proto/engine/proto/lx_engine.pb.go:729.2,729.10 1 0
github.com/luxfi/dex/pkg/proto/engine/proto/lx_engine.pb.go:732.48,733.14 1 0
github.com/luxfi/dex/pkg/proto/engine/proto/lx_engine.pb.go:733.14,735.3 1 0
github.com/luxfi/dex/pkg/proto/engine/proto/lx_engine.pb.go:736.2,736.14 1 0
github.com/luxfi/dex/pkg/proto/engine/proto/lx_engine.pb.go:814.54,815.51 1 0
github.com/luxfi/dex/pkg/proto/engine/proto/lx_engine.pb.go:815.51,817.3 1 0
github.com/luxfi/dex/pkg/proto/engine/proto/lx_engine.pb.go:818.2,818.47 1 0
github.com/luxfi/dex/pkg/proto/engine/proto/lx_engine.pb.go:860.13,860.50 1 0
github.com/luxfi/dex/pkg/proto/engine/proto/lx_engine.pb.go:861.40,862.39 1 0
github.com/luxfi/dex/pkg/proto/engine/proto/lx_engine.pb.go:862.39,864.3 1 0
github.com/luxfi/dex/pkg/proto/engine/proto/lx_engine.pb.go:865.2,882.42 5 0
github.com/luxfi/dex/pkg/proto/engine/proto/lx_engine_grpc.pb.go:46.78,48.2 1 0
github.com/luxfi/dex/pkg/proto/engine/proto/lx_engine_grpc.pb.go:50.143,54.16 4 0
github.com/luxfi/dex/pkg/proto/engine/proto/lx_engine_grpc.pb.go:54.16,56.3 1 0
github.com/luxfi/dex/pkg/proto/engine/proto/lx_engine_grpc.pb.go:57.2,57.17 1 0
github.com/luxfi/dex/pkg/proto/engine/proto/lx_engine_grpc.pb.go:60.143,64.16 4 0
github.com/luxfi/dex/pkg/proto/engine/proto/lx_engine_grpc.pb.go:64.16,66.3 1 0
github.com/luxfi/dex/pkg/proto/engine/proto/lx_engine_grpc.pb.go:67.2,67.17 1 0
github.com/luxfi/dex/pkg/proto/engine/proto/lx_engine_grpc.pb.go:70.146,74.16 4 0
github.com/luxfi/dex/pkg/proto/engine/proto/lx_engine_grpc.pb.go:74.16,76.3 1 0
github.com/luxfi/dex/pkg/proto/engine/proto/lx_engine_grpc.pb.go:77.2,77.17 1 0
github.com/luxfi/dex/pkg/proto/engine/proto/lx_engine_grpc.pb.go:80.174,83.16 3 0
github.com/luxfi/dex/pkg/proto/engine/proto/lx_engine_grpc.pb.go:83.16,85.3 1 0
github.com/luxfi/dex/pkg/proto/engine/proto/lx_engine_grpc.pb.go:86.2,87.51 2 0
github.com/luxfi/dex/pkg/proto/engine/proto/lx_engine_grpc.pb.go:87.51,89.3 1 0
github.com/luxfi/dex/pkg/proto/engine/proto/lx_engine_grpc.pb.go:90.2,90.51 1 0
github.com/luxfi/dex/pkg/proto/engine/proto/lx_engine_grpc.pb.go:90.51,92.3 1 0
github.com/luxfi/dex/pkg/proto/engine/proto/lx_engine_grpc.pb.go:93.2,93.15 1 0
github.com/luxfi/dex/pkg/proto/engine/proto/lx_engine_grpc.pb.go:121.121,123.2 1 0
github.com/luxfi/dex/pkg/proto/engine/proto/lx_engine_grpc.pb.go:124.121,126.2 1 0
github.com/luxfi/dex/pkg/proto/engine/proto/lx_engine_grpc.pb.go:127.124,129.2 1 0
github.com/luxfi/dex/pkg/proto/engine/proto/lx_engine_grpc.pb.go:130.133,132.2 1 0
github.com/luxfi/dex/pkg/proto/engine/proto/lx_engine_grpc.pb.go:133.86,133.87 0 0
github.com/luxfi/dex/pkg/proto/engine/proto/lx_engine_grpc.pb.go:134.86,134.87 0 0
github.com/luxfi/dex/pkg/proto/engine/proto/lx_engine_grpc.pb.go:143.84,148.59 1 0
github.com/luxfi/dex/pkg/proto/engine/proto/lx_engine_grpc.pb.go:148.59,150.3 1 0
github.com/luxfi/dex/pkg/proto/engine/proto/lx_engine_grpc.pb.go:151.2,151.52 1 0
github.com/luxfi/dex/pkg/proto/engine/proto/lx_engine_grpc.pb.go:154.170,156.32 2 0
github.com/luxfi/dex/pkg/proto/engine/proto/lx_engine_grpc.pb.go:156.32,158.3 1 0
github.com/luxfi/dex/pkg/proto/engine/proto/lx_engine_grpc.pb.go:159.2,159.24 1 0
github.com/luxfi/dex/pkg/proto/engine/proto/lx_engine_grpc.pb.go:159.24,161.3 1 0
github.com/luxfi/dex/pkg/proto/engine/proto/lx_engine_grpc.pb.go:162.2,166.77 2 0
github.com/luxfi/dex/pkg/proto/engine/proto/lx_engine_grpc.pb.go:166.77,168.3 1 0
github.com/luxfi/dex/pkg/proto/engine/proto/lx_engine_grpc.pb.go:169.2,169.44 1 0
github.com/luxfi/dex/pkg/proto/engine/proto/lx_engine_grpc.pb.go:172.170,174.32 2 0
github.com/luxfi/dex/pkg/proto/engine/proto/lx_engine_grpc.pb.go:174.32,176.3 1 0
github.com/luxfi/dex/pkg/proto/engine/proto/lx_engine_grpc.pb.go:177.2,177.24 1 0
github.com/luxfi/dex/pkg/proto/engine/proto/lx_engine_grpc.pb.go:177.24,179.3 1 0
github.com/luxfi/dex/pkg/proto/engine/proto/lx_engine_grpc.pb.go:180.2,184.77 2 0
github.com/luxfi/dex/pkg/proto/engine/proto/lx_engine_grpc.pb.go:184.77,186.3 1 0
github.com/luxfi/dex/pkg/proto/engine/proto/lx_engine_grpc.pb.go:187.2,187.44 1 0
github.com/luxfi/dex/pkg/proto/engine/proto/lx_engine_grpc.pb.go:190.171,192.32 2 0
github.com/luxfi/dex/pkg/proto/engine/proto/lx_engine_grpc.pb.go:192.32,194.3 1 0
github.com/luxfi/dex/pkg/proto/engine/proto/lx_engine_grpc.pb.go:195.2,195.24 1 0
github.com/luxfi/dex/pkg/proto/engine/proto/lx_engine_grpc.pb.go:195.24,197.3 1 0
github.com/luxfi/dex/pkg/proto/engine/proto/lx_engine_grpc.pb.go:198.2,202.77 2 0
github.com/luxfi/dex/pkg/proto/engine/proto/lx_engine_grpc.pb.go:202.77,204.3 1 0
github.com/luxfi/dex/pkg/proto/engine/proto/lx_engine_grpc.pb.go:205.2,205.44 1 0
github.com/luxfi/dex/pkg/proto/engine/proto/lx_engine_grpc.pb.go:208.94,210.42 2 0
github.com/luxfi/dex/pkg/proto/engine/proto/lx_engine_grpc.pb.go:210.42,212.3 1 0
github.com/luxfi/dex/pkg/proto/engine/proto/lx_engine_grpc.pb.go:213.2,213.143 1 0
github.com/luxfi/dex/pkg/api/jsonrpc.go:28.71,37.2 3 1
github.com/luxfi/dex/pkg/api/jsonrpc.go:40.48,47.43 5 1
github.com/luxfi/dex/pkg/api/jsonrpc.go:47.43,53.3 2 1
github.com/luxfi/dex/pkg/api/jsonrpc.go:55.2,55.29 1 1
github.com/luxfi/dex/pkg/api/jsonrpc.go:55.29,57.3 1 0
github.com/luxfi/dex/pkg/api/jsonrpc.go:59.2,60.13 2 1
github.com/luxfi/dex/pkg/api/jsonrpc.go:63.36,67.21 3 1
github.com/luxfi/dex/pkg/api/jsonrpc.go:67.21,70.38 3 0
github.com/luxfi/dex/pkg/api/jsonrpc.go:70.38,71.34 1 0
github.com/luxfi/dex/pkg/api/jsonrpc.go:71.34,73.5 1 0
github.com/luxfi/dex/pkg/api/jsonrpc.go:75.3,75.17 1 0
github.com/luxfi/dex/pkg/api/jsonrpc.go:88.82,94.2 1 1
github.com/luxfi/dex/pkg/api/jsonrpc.go:97.42,99.55 1 1
github.com/luxfi/dex/pkg/api/jsonrpc.go:99.55,101.31 1 0
github.com/luxfi/dex/pkg/api/jsonrpc.go:101.31,102.26 1 0
github.com/luxfi/dex/pkg/api/jsonrpc.go:102.26,103.17 1 0
github.com/luxfi/dex/pkg/api/jsonrpc.go:103.17,105.6 1 0
github.com/luxfi/dex/pkg/api/jsonrpc.go:107.4,107.14 1 0
github.com/luxfi/dex/pkg/api/jsonrpc.go:111.2,112.16 2 1
github.com/luxfi/dex/pkg/api/jsonrpc.go:112.16,114.3 1 0
github.com/luxfi/dex/pkg/api/jsonrpc.go:115.2,115.11 1 1
github.com/luxfi/dex/pkg/api/jsonrpc.go:119.75,122.36 2 1
github.com/luxfi/dex/pkg/api/jsonrpc.go:122.36,126.3 3 0
github.com/luxfi/dex/pkg/api/jsonrpc.go:128.2,128.33 1 1
github.com/luxfi/dex/pkg/api/jsonrpc.go:128.33,131.3 2 1
github.com/luxfi/dex/pkg/api/jsonrpc.go:133.2,140.61 2 1
github.com/luxfi/dex/pkg/api/jsonrpc.go:140.61,143.3 2 1
github.com/luxfi/dex/pkg/api/jsonrpc.go:145.2,145.26 1 1
github.com/luxfi/dex/pkg/api/jsonrpc.go:145.26,148.3 2 1
github.com/luxfi/dex/pkg/api/jsonrpc.go:150.2,150.20 1 1
github.com/luxfi/dex/pkg/api/jsonrpc.go:151.30,153.36 2 1
github.com/luxfi/dex/pkg/api/jsonrpc.go:155.30,157.36 2 1
github.com/luxfi/dex/pkg/api/jsonrpc.go:159.28,165.34 2 1
github.com/luxfi/dex/pkg/api/jsonrpc.go:167.10,168.54 1 1
github.com/luxfi/dex/pkg/api/jsonrpc.go:172.96,180.2 3 1
github.com/luxfi/dex/pkg/api/jsonrpc.go:182.101,193.2 3 1
github.com/luxfi/dex/pkg/api/websocket_server.go:102.63,115.44 2 1
github.com/luxfi/dex/pkg/api/websocket_server.go:115.44,118.5 2 1
github.com/luxfi/dex/pkg/api/websocket_server.go:153.42,155.30 1 1
github.com/luxfi/dex/pkg/api/websocket_server.go:155.30,157.3 1 1
github.com/luxfi/dex/pkg/api/websocket_server.go:158.2,158.41 1 1
github.com/luxfi/dex/pkg/api/websocket_server.go:158.41,159.42 1 1
github.com/luxfi/dex/pkg/api/websocket_server.go:159.42,161.4 1 1
github.com/luxfi/dex/pkg/api/websocket_server.go:163.2,163.14 1 1
github.com/luxfi/dex/pkg/api/websocket_server.go:180.85,182.16 2 1
github.com/luxfi/dex/pkg/api/websocket_server.go:182.16,184.3 1 1
github.com/luxfi/dex/pkg/api/websocket_server.go:186.2,212.29 11 0
github.com/luxfi/dex/pkg/api/websocket_server.go:217.48,218.15 1 0
github.com/luxfi/dex/pkg/api/websocket_server.go:218.15,221.3 2 0
github.com/luxfi/dex/pkg/api/websocket_server.go:223.2,224.43 2 0
github.com/luxfi/dex/pkg/api/websocket_server.go:224.43,227.3 2 0
github.com/luxfi/dex/pkg/api/websocket_server.go:229.2,229.6 1 0
github.com/luxfi/dex/pkg/api/websocket_server.go:229.6,232.17 3 0
github.com/luxfi/dex/pkg/api/websocket_server.go:232.17,233.103 1 0
github.com/luxfi/dex/pkg/api/websocket_server.go:233.104,235.5 0 0
github.com/luxfi/dex/pkg/api/websocket_server.go:236.4,236.9 1 0
github.com/luxfi/dex/pkg/api/websocket_server.go:240.3,240.29 1 0
github.com/luxfi/dex/pkg/api/websocket_server.go:240.29,242.12 2 0
github.com/luxfi/dex/pkg/api/websocket_server.go:246.3,250.28 3 0
github.com/luxfi/dex/pkg/api/websocket_server.go:254.30,256.15 2 0
github.com/luxfi/dex/pkg/api/websocket_server.go:256.15,259.3 2 0
github.com/luxfi/dex/pkg/api/websocket_server.go:261.2,261.6 1 0
github.com/luxfi/dex/pkg/api/websocket_server.go:261.6,262.10 1 0
github.com/luxfi/dex/pkg/api/websocket_server.go:263.32,265.11 2 0
github.com/luxfi/dex/pkg/api/websocket_server.go:265.11,268.5 2 0
github.com/luxfi/dex/pkg/api/websocket_server.go:270.4,270.55 1 0
github.com/luxfi/dex/pkg/api/websocket_server.go:272.19,274.74 2 0
github.com/luxfi/dex/pkg/api/websocket_server.go:274.74,276.5 1 0
github.com/luxfi/dex/pkg/api/websocket_server.go:283.87,285.9 2 1
github.com/luxfi/dex/pkg/api/websocket_server.go:285.9,288.3 2 1
github.com/luxfi/dex/pkg/api/websocket_server.go:291.2,292.47 2 1
github.com/luxfi/dex/pkg/api/websocket_server.go:292.47,294.3 1 1
github.com/luxfi/dex/pkg/api/websocket_server.go:296.2,296.17 1 1
github.com/luxfi/dex/pkg/api/websocket_server.go:297.14,298.40 1 0
github.com/luxfi/dex/pkg/api/websocket_server.go:299.14,300.35 1 1
github.com/luxfi/dex/pkg/api/websocket_server.go:301.19,302.45 1 0
github.com/luxfi/dex/pkg/api/websocket_server.go:303.21,304.47 1 0
github.com/luxfi/dex/pkg/api/websocket_server.go:305.21,306.46 1 0
github.com/luxfi/dex/pkg/api/websocket_server.go:307.22,308.47 1 0
github.com/luxfi/dex/pkg/api/websocket_server.go:309.22,310.47 1 0
github.com/luxfi/dex/pkg/api/websocket_server.go:311.23,312.48 1 0
github.com/luxfi/dex/pkg/api/websocket_server.go:313.24,314.49 1 0
github.com/luxfi/dex/pkg/api/websocket_server.go:315.25,316.50 1 0
github.com/luxfi/dex/pkg/api/websocket_server.go:317.23,318.48 1 0
github.com/luxfi/dex/pkg/api/websocket_server.go:319.24,320.49 1 0
github.com/luxfi/dex/pkg/api/websocket_server.go:321.24,322.49 1 0
github.com/luxfi/dex/pkg/api/websocket_server.go:323.24,324.49 1 0
github.com/luxfi/dex/pkg/api/websocket_server.go:325.23,326.48 1 0
github.com/luxfi/dex/pkg/api/websocket_server.go:327.22,328.42 1 0
github.com/luxfi/dex/pkg/api/websocket_server.go:329.23,330.43 1 0
github.com/luxfi/dex/pkg/api/websocket_server.go:331.20,332.40 1 0
github.com/luxfi/dex/pkg/api/websocket_server.go:333.10,334.80 1 1
github.com/luxfi/dex/pkg/api/websocket_server.go:339.101,343.37 3 1
github.com/luxfi/dex/pkg/api/websocket_server.go:343.37,347.3 3 1
github.com/luxfi/dex/pkg/api/websocket_server.go:349.2,350.16 2 1
github.com/luxfi/dex/pkg/api/websocket_server.go:350.16,354.3 3 1
github.com/luxfi/dex/pkg/api/websocket_server.go:356.2,370.28 7 0
github.com/luxfi/dex/pkg/api/websocket_server.go:376.34,377.11 1 1
github.com/luxfi/dex/pkg/api/websocket_server.go:378.20,379.16 1 1
github.com/luxfi/dex/pkg/api/websocket_server.go:380.22,381.17 1 1
github.com/luxfi/dex/pkg/api/websocket_server.go:382.10,383.16 1 1
github.com/luxfi/dex/pkg/api/websocket_server.go:388.44,389.11 1 1
github.com/luxfi/dex/pkg/api/websocket_server.go:390.26,391.19 1 1
github.com/luxfi/dex/pkg/api/websocket_server.go:392.24,393.18 1 1
github.com/luxfi/dex/pkg/api/websocket_server.go:394.22,395.17 1 1
github.com/luxfi/dex/pkg/api/websocket_server.go:396.34,397.22 1 1
github.com/luxfi/dex/pkg/api/websocket_server.go:398.10,399.18 1 1
github.com/luxfi/dex/pkg/api/websocket_server.go:404.41,405.20 1 1
github.com/luxfi/dex/pkg/api/websocket_server.go:405.20,407.3 1 1
github.com/luxfi/dex/pkg/api/websocket_server.go:408.2,408.15 1 1
github.com/luxfi/dex/pkg/api/websocket_server.go:411.107,412.27 1 1
github.com/luxfi/dex/pkg/api/websocket_server.go:412.27,415.3 2 1
github.com/luxfi/dex/pkg/api/websocket_server.go:418.2,419.9 2 1
github.com/luxfi/dex/pkg/api/websocket_server.go:419.9,422.3 2 1
github.com/luxfi/dex/pkg/api/websocket_server.go:424.2,425.9 2 1
github.com/luxfi/dex/pkg/api/websocket_server.go:425.9,428.3 2 0
github.com/luxfi/dex/pkg/api/websocket_server.go:431.2,432.9 2 1
github.com/luxfi/dex/pkg/api/websocket_server.go:432.9,435.3 2 1
github.com/luxfi/dex/pkg/api/websocket_server.go:437.2,438.9 2 0
github.com/luxfi/dex/pkg/api/websocket_server.go:438.9,441.3 2 0
github.com/luxfi/dex/pkg/api/websocket_server.go:443.2,444.9 2 0
github.com/luxfi/dex/pkg/api/websocket_server.go:444.9,447.3 2 0
github.com/luxfi/dex/pkg/api/websocket_server.go:449.2,450.9 2 0
github.com/luxfi/dex/pkg/api/websocket_server.go:450.9,453.3 2 0
github.com/luxfi/dex/pkg/api/websocket_server.go:455.2,456.9 2 0
github.com/luxfi/dex/pkg/api/websocket_server.go:456.9,459.3 2 0
github.com/luxfi/dex/pkg/api/websocket_server.go:461.2,473.17 3 0
github.com/luxfi/dex/pkg/api/websocket_server.go:473.17,476.3 2 0
github.com/luxfi/dex/pkg/api/websocket_server.go:478.2,479.18 2 0
github.com/luxfi/dex/pkg/api/websocket_server.go:479.18,482.3 2 0
github.com/luxfi/dex/pkg/api/websocket_server.go:483.2,499.30 4 0
github.com/luxfi/dex/pkg/api/websocket_server.go:502.108,503.27 1 1
github.com/luxfi/dex/pkg/api/websocket_server.go:503.27,506.3 2 1
github.com/luxfi/dex/pkg/api/websocket_server.go:509.2,510.9 2 1
github.com/luxfi/dex/pkg/api/websocket_server.go:510.9,513.3 2 1
github.com/luxfi/dex/pkg/api/websocket_server.go:515.2,516.9 2 0
github.com/luxfi/dex/pkg/api/websocket_server.go:516.9,519.3 2 0
github.com/luxfi/dex/pkg/api/websocket_server.go:521.2,526.44 4 0
github.com/luxfi/dex/pkg/api/websocket_server.go:526.44,527.39 1 0
github.com/luxfi/dex/pkg/api/websocket_server.go:527.39,529.9 2 0
github.com/luxfi/dex/pkg/api/websocket_server.go:533.2,533.17 1 0
github.com/luxfi/dex/pkg/api/websocket_server.go:533.17,535.3 1 0
github.com/luxfi/dex/pkg/api/websocket_server.go:536.2,536.16 1 0
github.com/luxfi/dex/pkg/api/websocket_server.go:536.16,539.3 2 0
github.com/luxfi/dex/pkg/api/websocket_server.go:541.2,550.30 2 0
github.com/luxfi/dex/pkg/api/websocket_server.go:555.109,556.27 1 1
github.com/luxfi/dex/pkg/api/websocket_server.go:556.27,559.3 2 1
github.com/luxfi/dex/pkg/api/websocket_server.go:562.2,563.9 2 1
github.com/luxfi/dex/pkg/api/websocket_server.go:563.9,566.3 2 1
github.com/luxfi/dex/pkg/api/websocket_server.go:568.2,569.9 2 0
github.com/luxfi/dex/pkg/api/websocket_server.go:569.9,572.3 2 0
github.com/luxfi/dex/pkg/api/websocket_server.go:573.2,576.9 3 0
github.com/luxfi/dex/pkg/api/websocket_server.go:576.9,579.3 2 0
github.com/luxfi/dex/pkg/api/websocket_server.go:581.2,582.9 2 0
github.com/luxfi/dex/pkg/api/websocket_server.go:582.9,585.3 2 0
github.com/luxfi/dex/pkg/api/websocket_server.go:588.2,598.16 3 0
github.com/luxfi/dex/pkg/api/websocket_server.go:598.16,601.3 2 0
github.com/luxfi/dex/pkg/api/websocket_server.go:603.2,614.30 3 0
github.com/luxfi/dex/pkg/api/websocket_server.go:617.110,618.27 1 1
github.com/luxfi/dex/pkg/api/websocket_server.go:618.27,621.3 2 1
github.com/luxfi/dex/pkg/api/websocket_server.go:624.2,625.9 2 0
github.com/luxfi/dex/pkg/api/websocket_server.go:625.9,628.3 2 0
github.com/luxfi/dex/pkg/api/websocket_server.go:630.2,631.9 2 0
github.com/luxfi/dex/pkg/api/websocket_server.go:631.9,634.3 2 0
github.com/luxfi/dex/pkg/api/websocket_server.go:636.2,637.16 2 0
github.com/luxfi/dex/pkg/api/websocket_server.go:637.16,640.3 2 0
github.com/luxfi/dex/pkg/api/websocket_server.go:642.2,652.30 2 0
github.com/luxfi/dex/pkg/api/websocket_server.go:657.109,658.27 1 1
github.com/luxfi/dex/pkg/api/websocket_server.go:658.27,661.3 2 1
github.com/luxfi/dex/pkg/api/websocket_server.go:664.2,665.9 2 0
github.com/luxfi/dex/pkg/api/websocket_server.go:665.9,668.3 2 0
github.com/luxfi/dex/pkg/api/websocket_server.go:670.2,671.9 2 0
github.com/luxfi/dex/pkg/api/websocket_server.go:671.9,674.3 2 0
github.com/luxfi/dex/pkg/api/websocket_server.go:676.2,677.14 2 0
github.com/luxfi/dex/pkg/api/websocket_server.go:677.14,680.3 2 0
github.com/luxfi/dex/pkg/api/websocket_server.go:682.2,683.16 2 0
github.com/luxfi/dex/pkg/api/websocket_server.go:683.16,686.3 2 0
github.com/luxfi/dex/pkg/api/websocket_server.go:688.2,689.16 2 0
github.com/luxfi/dex/pkg/api/websocket_server.go:689.16,692.3 2 0
github.com/luxfi/dex/pkg/api/websocket_server.go:695.2,716.30 3 0
github.com/luxfi/dex/pkg/api/websocket_server.go:721.110,722.27 1 1
github.com/luxfi/dex/pkg/api/websocket_server.go:722.27,725.3 2 1
github.com/luxfi/dex/pkg/api/websocket_server.go:728.2,729.9 2 0
github.com/luxfi/dex/pkg/api/websocket_server.go:729.9,732.3 2 0
github.com/luxfi/dex/pkg/api/websocket_server.go:734.2,735.9 2 0
github.com/luxfi/dex/pkg/api/websocket_server.go:735.9,738.3 2 0
github.com/luxfi/dex/pkg/api/websocket_server.go:740.2,741.14 2 0
github.com/luxfi/dex/pkg/api/websocket_server.go:741.14,744.3 2 0
github.com/luxfi/dex/pkg/api/websocket_server.go:746.2,747.16 2 0
github.com/luxfi/dex/pkg/api/websocket_server.go:747.16,750.3 2 0
github.com/luxfi/dex/pkg/api/websocket_server.go:752.2,762.30 2 0
github.com/luxfi/dex/pkg/api/websocket_server.go:767.106,770.9 2 1
github.com/luxfi/dex/pkg/api/websocket_server.go:770.9,773.3 2 1
github.com/luxfi/dex/pkg/api/websocket_server.go:775.2,776.9 2 1
github.com/luxfi/dex/pkg/api/websocket_server.go:776.9,779.3 2 1
github.com/luxfi/dex/pkg/api/websocket_server.go:781.2,782.9 2 1
github.com/luxfi/dex/pkg/api/websocket_server.go:782.9,785.3 2 0
github.com/luxfi/dex/pkg/api/websocket_server.go:787.2,788.33 2 1
github.com/luxfi/dex/pkg/api/websocket_server.go:788.33,791.3 2 1
github.com/luxfi/dex/pkg/api/websocket_server.go:792.2,795.40 3 1
github.com/luxfi/dex/pkg/api/websocket_server.go:795.40,797.3 1 1
github.com/luxfi/dex/pkg/api/websocket_server.go:798.2,798.33 1 1
github.com/luxfi/dex/pkg/api/websocket_server.go:798.33,800.3 1 1
github.com/luxfi/dex/pkg/api/websocket_server.go:801.2,813.30 4 1
github.com/luxfi/dex/pkg/api/websocket_server.go:816.108,819.9 2 1
github.com/luxfi/dex/pkg/api/websocket_server.go:819.9,822.3 2 0
github.com/luxfi/dex/pkg/api/websocket_server.go:824.2,825.9 2 1
github.com/luxfi/dex/pkg/api/websocket_server.go:825.9,828.3 2 0
github.com/luxfi/dex/pkg/api/websocket_server.go:830.2,831.9 2 1
github.com/luxfi/dex/pkg/api/websocket_server.go:831.9,834.3 2 0
github.com/luxfi/dex/pkg/api/websocket_server.go:836.2,837.33 2 1
github.com/luxfi/dex/pkg/api/websocket_server.go:837.33,840.3 2 1
github.com/luxfi/dex/pkg/api/websocket_server.go:841.2,844.33 3 1
github.com/luxfi/dex/pkg/api/websocket_server.go:844.33,846.3 1 1
github.com/luxfi/dex/pkg/api/websocket_server.go:847.2,859.30 4 1
github.com/luxfi/dex/pkg/api/websocket_server.go:864.80,865.27 1 1
github.com/luxfi/dex/pkg/api/websocket_server.go:865.27,868.3 2 1
github.com/luxfi/dex/pkg/api/websocket_server.go:871.2,872.20 2 0
github.com/luxfi/dex/pkg/api/websocket_server.go:872.20,875.3 2 0
github.com/luxfi/dex/pkg/api/websocket_server.go:877.2,878.58 2 0
github.com/luxfi/dex/pkg/api/websocket_server.go:878.58,880.3 1 0
github.com/luxfi/dex/pkg/api/websocket_server.go:882.2,890.30 2 0
github.com/luxfi/dex/pkg/api/websocket_server.go:893.81,894.27 1 1
github.com/luxfi/dex/pkg/api/websocket_server.go:894.27,897.3 2 1
github.com/luxfi/dex/pkg/api/websocket_server.go:899.2,900.20 2 0
github.com/luxfi/dex/pkg/api/websocket_server.go:900.20,903.3 2 0
github.com/luxfi/dex/pkg/api/websocket_server.go:905.2,913.30 2 0
github.com/luxfi/dex/pkg/api/websocket_server.go:916.78,917.27 1 1
github.com/luxfi/dex/pkg/api/websocket_server.go:917.27,920.3 2 1
github.com/luxfi/dex/pkg/api/websocket_server.go:923.2,933.30 3 0
github.com/luxfi/dex/pkg/api/websocket_server.go:938.94,949.2 2 1
github.com/luxfi/dex/pkg/api/websocket_server.go:951.60,962.2 2 1
github.com/luxfi/dex/pkg/api/websocket_server.go:964.73,975.2 2 1
github.com/luxfi/dex/pkg/api/websocket_server.go:977.80,983.36 4 1
github.com/luxfi/dex/pkg/api/websocket_server.go:983.36,985.36 2 1
github.com/luxfi/dex/pkg/api/websocket_server.go:985.36,986.11 1 1
github.com/luxfi/dex/pkg/api/websocket_server.go:987.29,988.30 1 1
github.com/luxfi/dex/pkg/api/websocket_server.go:989.12,989.12 0 0
github.com/luxfi/dex/pkg/api/websocket_server.go:993.3,993.22 1 1
github.com/luxfi/dex/pkg/api/websocket_server.go:999.73,1006.2 2 1
github.com/luxfi/dex/pkg/api/websocket_server.go:1008.60,1017.2 3 0
github.com/luxfi/dex/pkg/api/websocket_server.go:1019.57,1027.2 6 1
github.com/luxfi/dex/pkg/api/websocket_server.go:1029.43,1031.9 2 1
github.com/luxfi/dex/pkg/api/websocket_server.go:1032.22,1032.22 0 1
github.com/luxfi/dex/pkg/api/websocket_server.go:1033.10,1033.10 0 1
github.com/luxfi/dex/pkg/api/websocket_server.go:1038.61,1046.2 2 1
github.com/luxfi/dex/pkg/api/websocket_server.go:1050.73,1056.2 1 1
github.com/luxfi/dex/pkg/api/websocket_server.go:1058.37,1063.39 4 1
github.com/luxfi/dex/pkg/api/websocket_server.go:1063.39,1066.3 2 1
github.com/luxfi/dex/pkg/api/websocket_server.go:1068.2,1068.35 1 1
github.com/luxfi/dex/pkg/api/websocket_server.go:1068.35,1070.3 1 1
github.com/luxfi/dex/pkg/api/websocket_server.go:1072.2,1073.13 2 1
github.com/luxfi/dex/pkg/api/websocket_server.go:1078.40,1080.2 1 1
github.com/luxfi/dex/pkg/api/websocket_server.go:1082.63,1098.2 3 1
github.com/luxfi/dex/pkg/api/websocket_server.go:1102.32,1104.2 1 1
github.com/luxfi/dex/pkg/api/websocket_server.go:1107.36,1116.2 3 0
github.com/luxfi/dex/pkg/api/websocket_server.go:1119.52,1123.6 3 0
github.com/luxfi/dex/pkg/api/websocket_server.go:1123.6,1124.10 1 0
github.com/luxfi/dex/pkg/api/websocket_server.go:1125.19,1128.35 2 0
github.com/luxfi/dex/pkg/api/websocket_server.go:1128.35,1130.18 2 0
github.com/luxfi/dex/pkg/api/websocket_server.go:1130.18,1133.6 2 0
github.com/luxfi/dex/pkg/api/websocket_server.go:1136.5,1137.18 2 0
github.com/luxfi/dex/pkg/api/websocket_server.go:1137.18,1139.6 1 0
github.com/luxfi/dex/pkg/api/websocket_server.go:1141.24,1142.10 1 0
github.com/luxfi/dex/pkg/api/websocket_server.go:1148.46,1152.6 3 0
github.com/luxfi/dex/pkg/api/websocket_server.go:1152.6,1153.10 1 0
github.com/luxfi/dex/pkg/api/websocket_server.go:1154.19,1155.26 1 0
github.com/luxfi/dex/pkg/api/websocket_server.go:1156.24,1157.10 1 0
github.com/luxfi/dex/pkg/api/websocket_server.go:1162.48,1204.2 1 0
github.com/luxfi/dex/pkg/api/websocket_server.go:1206.90,1210.36 3 0
github.com/luxfi/dex/pkg/api/websocket_server.go:1210.36,1211.30 1 0
github.com/luxfi/dex/pkg/api/websocket_server.go:1211.30,1213.9 2 0
github.com/luxfi/dex/pkg/api/websocket_server.go:1216.2,1218.25 2 0
github.com/luxfi/dex/pkg/api/websocket_server.go:1218.25,1221.31 2 0
github.com/luxfi/dex/pkg/api/websocket_server.go:1221.31,1223.4 1 0
github.com/luxfi/dex/pkg/api/websocket_server.go:1225.3,1235.32 2 0
github.com/luxfi/dex/pkg/api/websocket_server.go:1239.2,1250.63 2 0
github.com/luxfi/dex/pkg/api/websocket_server.go:1250.63,1252.3 1 0
github.com/luxfi/dex/pkg/api/websocket_server.go:1256.108,1259.44 2 1
github.com/luxfi/dex/pkg/api/websocket_server.go:1259.44,1261.3 1 1
github.com/luxfi/dex/pkg/api/websocket_server.go:1261.8,1261.52 1 0
github.com/luxfi/dex/pkg/api/websocket_server.go:1261.52,1263.3 1 0
github.com/luxfi/dex/pkg/api/websocket_server.go:1265.2,1266.48 2 1
github.com/luxfi/dex/pkg/api/websocket_server.go:1266.48,1268.3 1 1
github.com/luxfi/dex/pkg/api/websocket_server.go:1268.8,1268.52 1 0
github.com/luxfi/dex/pkg/api/websocket_server.go:1268.52,1270.3 1 0
github.com/luxfi/dex/pkg/api/websocket_server.go:1272.2,1272.46 1 1
github.com/luxfi/dex/pkg/api/websocket_server.go:1272.46,1274.3 1 1
github.com/luxfi/dex/pkg/api/websocket_server.go:1274.8,1274.50 1 0
github.com/luxfi/dex/pkg/api/websocket_server.go:1274.50,1276.3 1 0
github.com/luxfi/dex/pkg/api/websocket_server.go:1280.2,1284.4 1 1
github.com/luxfi/dex/pkg/api/websocket_server.go:1288.111,1293.9 3 1
github.com/luxfi/dex/pkg/api/websocket_server.go:1293.9,1296.3 2 1
github.com/luxfi/dex/pkg/api/websocket_server.go:1298.2,1299.9 2 0
github.com/luxfi/dex/pkg/api/websocket_server.go:1299.9,1302.3 2 0
github.com/luxfi/dex/pkg/api/websocket_server.go:1304.2,1305.16 2 0
github.com/luxfi/dex/pkg/api/websocket_server.go:1305.16,1308.3 2 0
github.com/luxfi/dex/pkg/api/websocket_server.go:1310.2,1314.4 1 0
github.com/luxfi/dex/pkg/api/websocket_server.go:1318.110,1321.9 2 1
github.com/luxfi/dex/pkg/api/websocket_server.go:1321.9,1324.3 2 1
github.com/luxfi/dex/pkg/api/websocket_server.go:1326.2,1327.9 2 0
github.com/luxfi/dex/pkg/api/websocket_server.go:1327.9,1330.3 2 0
github.com/luxfi/dex/pkg/api/websocket_server.go:1332.2,1333.61 2 0
github.com/luxfi/dex/pkg/api/websocket_server.go:1333.61,1336.3 2 0
github.com/luxfi/dex/pkg/api/websocket_server.go:1339.2,1343.4 1 0
github.com/luxfi/dex/pkg/api/websocket_server.go:1347.110,1350.9 2 1
github.com/luxfi/dex/pkg/api/websocket_server.go:1350.9,1353.3 2 1
github.com/luxfi/dex/pkg/api/websocket_server.go:1355.2,1356.9 2 0
github.com/luxfi/dex/pkg/api/websocket_server.go:1356.9,1359.3 2 0
github.com/luxfi/dex/pkg/api/websocket_server.go:1361.2,1362.61 2 0
github.com/luxfi/dex/pkg/api/websocket_server.go:1362.61,1365.3 2 0
github.com/luxfi/dex/pkg/api/websocket_server.go:1367.2,1368.16 2 0
github.com/luxfi/dex/pkg/api/websocket_server.go:1368.16,1371.3 2 0
github.com/luxfi/dex/pkg/api/websocket_server.go:1373.2,1377.4 1 0
github.com/luxfi/dex/pkg/api/websocket_server.go:1381.109,1384.9 2 1
github.com/luxfi/dex/pkg/api/websocket_server.go:1384.9,1387.3 2 1
github.com/luxfi/dex/pkg/api/websocket_server.go:1389.2,1390.9 2 0
github.com/luxfi/dex/pkg/api/websocket_server.go:1390.9,1393.3 2 0
github.com/luxfi/dex/pkg/api/websocket_server.go:1395.2,1396.9 2 0
github.com/luxfi/dex/pkg/api/websocket_server.go:1396.9,1399.3 2 0
github.com/luxfi/dex/pkg/api/websocket_server.go:1401.2,1402.61 2 0
github.com/luxfi/dex/pkg/api/websocket_server.go:1402.61,1405.3 2 0
github.com/luxfi/dex/pkg/api/websocket_server.go:1407.2,1408.65 2 0
github.com/luxfi/dex/pkg/api/websocket_server.go:1408.65,1411.3 2 0
github.com/luxfi/dex/pkg/api/websocket_server.go:1413.2,1419.4 2 0
github.com/luxfi/dex/pkg/api/websocket_server.go:1423.46,1427.6 3 0
github.com/luxfi/dex/pkg/api/websocket_server.go:1427.6,1428.10 1 0
github.com/luxfi/dex/pkg/api/websocket_server.go:1429.19,1432.15 2 0
github.com/luxfi/dex/pkg/api/websocket_server.go:1433.24,1434.10 1 0
github.com/luxfi/dex/pkg/api/websocket_server.go:1440.39,1444.36 3 1
github.com/luxfi/dex/pkg/api/websocket_server.go:1444.36,1446.3 1 0
github.com/luxfi/dex/pkg/api/websocket_server.go:1447.2,1449.21 2 1
github.com/luxfi/dex/pkg/client/trader_client.go:101.66,102.57 1 1
github.com/luxfi/dex/pkg/client/trader_client.go:102.57,104.3 1 1
github.com/luxfi/dex/pkg/client/trader_client.go:106.2,131.20 3 1
github.com/luxfi/dex/pkg/client/trader_client.go:135.40,139.17 3 1
github.com/luxfi/dex/pkg/client/trader_client.go:139.17,141.3 1 1
github.com/luxfi/dex/pkg/client/trader_client.go:144.2,145.16 2 0
github.com/luxfi/dex/pkg/client/trader_client.go:145.16,147.3 1 0
github.com/luxfi/dex/pkg/client/trader_client.go:149.2,157.41 5 0
github.com/luxfi/dex/pkg/client/trader_client.go:157.41,160.3 2 0
github.com/luxfi/dex/pkg/client/trader_client.go:162.2,162.12 1 0
github.com/luxfi/dex/pkg/client/trader_client.go:166.43,170.18 3 1
github.com/luxfi/dex/pkg/client/trader_client.go:170.18,172.3 1 1
github.com/luxfi/dex/pkg/client/trader_client.go:174.2,176.21 2 0
github.com/luxfi/dex/pkg/client/trader_client.go:176.21,178.3 1 0
github.com/luxfi/dex/pkg/client/trader_client.go:180.2,190.12 8 0
github.com/luxfi/dex/pkg/client/trader_client.go:194.45,202.49 2 0
github.com/luxfi/dex/pkg/client/trader_client.go:202.49,204.3 1 0
github.com/luxfi/dex/pkg/client/trader_client.go:207.2,208.53 2 0
github.com/luxfi/dex/pkg/client/trader_client.go:208.53,210.3 1 0
github.com/luxfi/dex/pkg/client/trader_client.go:212.2,212.40 1 0
github.com/luxfi/dex/pkg/client/trader_client.go:212.40,215.3 2 0
github.com/luxfi/dex/pkg/client/trader_client.go:217.2,217.67 1 0
github.com/luxfi/dex/pkg/client/trader_client.go:223.71,224.22 1 1
github.com/luxfi/dex/pkg/client/trader_client.go:224.22,226.3 1 1
github.com/luxfi/dex/pkg/client/trader_client.go:228.2,237.48 4 0
github.com/luxfi/dex/pkg/client/trader_client.go:237.48,239.3 1 0
github.com/luxfi/dex/pkg/client/trader_client.go:242.2,246.19 4 0
github.com/luxfi/dex/pkg/client/trader_client.go:250.58,251.22 1 1
github.com/luxfi/dex/pkg/client/trader_client.go:251.22,253.3 1 1
github.com/luxfi/dex/pkg/client/trader_client.go:255.2,260.32 2 0
github.com/luxfi/dex/pkg/client/trader_client.go:264.85,265.22 1 1
github.com/luxfi/dex/pkg/client/trader_client.go:265.22,267.3 1 1
github.com/luxfi/dex/pkg/client/trader_client.go:269.2,276.32 2 0
github.com/luxfi/dex/pkg/client/trader_client.go:282.124,283.22 1 1
github.com/luxfi/dex/pkg/client/trader_client.go:283.22,285.3 1 1
github.com/luxfi/dex/pkg/client/trader_client.go:287.2,295.48 2 0
github.com/luxfi/dex/pkg/client/trader_client.go:295.48,297.3 1 0
github.com/luxfi/dex/pkg/client/trader_client.go:300.2,300.9 1 0
github.com/luxfi/dex/pkg/client/trader_client.go:301.37,302.32 1 0
github.com/luxfi/dex/pkg/client/trader_client.go:302.32,304.4 1 0
github.com/luxfi/dex/pkg/client/trader_client.go:305.37,306.57 1 0
github.com/luxfi/dex/pkg/client/trader_client.go:309.2,309.51 1 0
github.com/luxfi/dex/pkg/client/trader_client.go:313.77,314.22 1 1
github.com/luxfi/dex/pkg/client/trader_client.go:314.22,316.3 1 1
github.com/luxfi/dex/pkg/client/trader_client.go:318.2,324.32 2 0
github.com/luxfi/dex/pkg/client/trader_client.go:328.85,329.22 1 1
github.com/luxfi/dex/pkg/client/trader_client.go:329.22,331.3 1 1
github.com/luxfi/dex/pkg/client/trader_client.go:333.2,339.32 2 0
github.com/luxfi/dex/pkg/client/trader_client.go:345.78,346.22 1 1
github.com/luxfi/dex/pkg/client/trader_client.go:346.22,348.3 1 1
github.com/luxfi/dex/pkg/client/trader_client.go:350.2,356.32 2 0
github.com/luxfi/dex/pkg/client/trader_client.go:360.81,361.22 1 1
github.com/luxfi/dex/pkg/client/trader_client.go:361.22,363.3 1 1
github.com/luxfi/dex/pkg/client/trader_client.go:365.2,371.32 2 0
github.com/luxfi/dex/pkg/client/trader_client.go:377.68,378.22 1 1
github.com/luxfi/dex/pkg/client/trader_client.go:378.22,380.3 1 1
github.com/luxfi/dex/pkg/client/trader_client.go:382.2,388.32 2 0
github.com/luxfi/dex/pkg/client/trader_client.go:392.68,393.22 1 1
github.com/luxfi/dex/pkg/client/trader_client.go:393.22,395.3 1 1
github.com/luxfi/dex/pkg/client/trader_client.go:397.2,403.32 2 0
github.com/luxfi/dex/pkg/client/trader_client.go:407.67,408.22 1 1
github.com/luxfi/dex/pkg/client/trader_client.go:408.22,410.3 1 1
github.com/luxfi/dex/pkg/client/trader_client.go:412.2,418.32 2 0
github.com/luxfi/dex/pkg/client/trader_client.go:424.74,431.48 2 0
github.com/luxfi/dex/pkg/client/trader_client.go:431.48,433.3 1 0
github.com/luxfi/dex/pkg/client/trader_client.go:436.2,437.33 2 0
github.com/luxfi/dex/pkg/client/trader_client.go:437.33,440.3 2 0
github.com/luxfi/dex/pkg/client/trader_client.go:441.2,443.12 2 0
github.com/luxfi/dex/pkg/client/trader_client.go:447.76,454.48 2 0
github.com/luxfi/dex/pkg/client/trader_client.go:454.48,456.3 1 0
github.com/luxfi/dex/pkg/client/trader_client.go:459.2,460.33 2 0
github.com/luxfi/dex/pkg/client/trader_client.go:460.33,463.3 2 0
github.com/luxfi/dex/pkg/client/trader_client.go:464.2,466.12 2 0
github.com/luxfi/dex/pkg/client/trader_client.go:470.83,474.48 3 1
github.com/luxfi/dex/pkg/client/trader_client.go:474.48,476.3 1 1
github.com/luxfi/dex/pkg/client/trader_client.go:478.2,478.56 1 1
github.com/luxfi/dex/pkg/client/trader_client.go:482.65,486.47 3 1
github.com/luxfi/dex/pkg/client/trader_client.go:486.47,488.3 1 1
github.com/luxfi/dex/pkg/client/trader_client.go:490.2,490.49 1 1
github.com/luxfi/dex/pkg/client/trader_client.go:496.67,500.50 3 1
github.com/luxfi/dex/pkg/client/trader_client.go:500.50,502.3 1 1
github.com/luxfi/dex/pkg/client/trader_client.go:504.2,504.27 1 1
github.com/luxfi/dex/pkg/client/trader_client.go:508.83,512.57 3 1
github.com/luxfi/dex/pkg/client/trader_client.go:512.57,514.3 1 1
github.com/luxfi/dex/pkg/client/trader_client.go:516.2,516.61 1 1
github.com/luxfi/dex/pkg/client/trader_client.go:520.69,525.32 4 1
github.com/luxfi/dex/pkg/client/trader_client.go:525.32,527.3 1 1
github.com/luxfi/dex/pkg/client/trader_client.go:529.2,529.18 1 1
github.com/luxfi/dex/pkg/client/trader_client.go:533.57,538.29 4 1
github.com/luxfi/dex/pkg/client/trader_client.go:538.29,540.3 1 1
github.com/luxfi/dex/pkg/client/trader_client.go:542.2,542.15 1 1
github.com/luxfi/dex/pkg/client/trader_client.go:548.67,549.55 1 1
github.com/luxfi/dex/pkg/client/trader_client.go:549.55,550.44 1 1
github.com/luxfi/dex/pkg/client/trader_client.go:550.44,552.4 1 1
github.com/luxfi/dex/pkg/client/trader_client.go:557.73,558.58 1 1
github.com/luxfi/dex/pkg/client/trader_client.go:558.58,559.47 1 1
github.com/luxfi/dex/pkg/client/trader_client.go:559.47,561.4 1 1
github.com/luxfi/dex/pkg/client/trader_client.go:566.67,567.55 1 1
github.com/luxfi/dex/pkg/client/trader_client.go:567.55,568.44 1 1
github.com/luxfi/dex/pkg/client/trader_client.go:568.44,570.4 1 1
github.com/luxfi/dex/pkg/client/trader_client.go:575.67,576.55 1 1
github.com/luxfi/dex/pkg/client/trader_client.go:576.55,577.44 1 1
github.com/luxfi/dex/pkg/client/trader_client.go:577.44,579.4 1 1
github.com/luxfi/dex/pkg/client/trader_client.go:586.41,587.18 1 0
github.com/luxfi/dex/pkg/client/trader_client.go:587.18,589.49 2 0
github.com/luxfi/dex/pkg/client/trader_client.go:589.49,590.103 1 0
github.com/luxfi/dex/pkg/client/trader_client.go:590.103,592.5 1 0
github.com/luxfi/dex/pkg/client/trader_client.go:593.4,593.9 1 0
github.com/luxfi/dex/pkg/client/trader_client.go:596.3,596.24 1 0
github.com/luxfi/dex/pkg/client/trader_client.go:601.67,603.9 2 1
github.com/luxfi/dex/pkg/client/trader_client.go:603.9,605.3 1 1
github.com/luxfi/dex/pkg/client/trader_client.go:607.2,607.17 1 1
github.com/luxfi/dex/pkg/client/trader_client.go:608.22,609.27 1 1
github.com/luxfi/dex/pkg/client/trader_client.go:610.25,611.30 1 1
github.com/luxfi/dex/pkg/client/trader_client.go:612.22,613.27 1 1
github.com/luxfi/dex/pkg/client/trader_client.go:614.22,615.27 1 0
github.com/luxfi/dex/pkg/client/trader_client.go:616.26,617.31 1 0
github.com/luxfi/dex/pkg/client/trader_client.go:618.24,619.29 1 1
github.com/luxfi/dex/pkg/client/trader_client.go:620.15,621.21 1 0
github.com/luxfi/dex/pkg/client/trader_client.go:626.70,633.64 2 1
github.com/luxfi/dex/pkg/client/trader_client.go:633.64,644.3 7 1
github.com/luxfi/dex/pkg/client/trader_client.go:647.2,647.9 1 1
github.com/luxfi/dex/pkg/client/trader_client.go:648.32,648.32 0 1
github.com/luxfi/dex/pkg/client/trader_client.go:649.10,649.10 0 0
github.com/luxfi/dex/pkg/client/trader_client.go:653.2,653.61 1 1
github.com/luxfi/dex/pkg/client/trader_client.go:653.61,655.3 1 0
github.com/luxfi/dex/pkg/client/trader_client.go:659.73,664.46 2 1
github.com/luxfi/dex/pkg/client/trader_client.go:664.46,666.3 1 1
github.com/luxfi/dex/pkg/client/trader_client.go:669.2,669.65 1 1
github.com/luxfi/dex/pkg/client/trader_client.go:669.65,678.65 6 1
github.com/luxfi/dex/pkg/client/trader_client.go:678.65,680.4 1 1
github.com/luxfi/dex/pkg/client/trader_client.go:680.9,682.4 1 1
github.com/luxfi/dex/pkg/client/trader_client.go:683.3,683.16 1 1
github.com/luxfi/dex/pkg/client/trader_client.go:687.2,687.9 1 1
github.com/luxfi/dex/pkg/client/trader_client.go:688.35,688.35 0 1
github.com/luxfi/dex/pkg/client/trader_client.go:689.10,689.10 0 0
github.com/luxfi/dex/pkg/client/trader_client.go:693.2,693.64 1 1
github.com/luxfi/dex/pkg/client/trader_client.go:693.64,695.3 1 0
github.com/luxfi/dex/pkg/client/trader_client.go:699.70,704.46 2 1
github.com/luxfi/dex/pkg/client/trader_client.go:704.46,706.3 1 1
github.com/luxfi/dex/pkg/client/trader_client.go:707.2,707.45 1 1
github.com/luxfi/dex/pkg/client/trader_client.go:707.45,714.3 4 1
github.com/luxfi/dex/pkg/client/trader_client.go:715.2,715.41 1 1
github.com/luxfi/dex/pkg/client/trader_client.go:715.41,717.3 1 0
github.com/luxfi/dex/pkg/client/trader_client.go:718.2,718.41 1 1
github.com/luxfi/dex/pkg/client/trader_client.go:718.41,720.3 1 0
github.com/luxfi/dex/pkg/client/trader_client.go:721.2,721.47 1 1
github.com/luxfi/dex/pkg/client/trader_client.go:721.47,723.3 1 0
github.com/luxfi/dex/pkg/client/trader_client.go:726.2,726.9 1 1
github.com/luxfi/dex/pkg/client/trader_client.go:727.32,727.32 0 1
github.com/luxfi/dex/pkg/client/trader_client.go:728.10,728.10 0 0
github.com/luxfi/dex/pkg/client/trader_client.go:732.2,732.61 1 1
github.com/luxfi/dex/pkg/client/trader_client.go:732.61,734.3 1 0
github.com/luxfi/dex/pkg/client/trader_client.go:738.70,745.41 3 0
github.com/luxfi/dex/pkg/client/trader_client.go:745.41,748.3 2 0
github.com/luxfi/dex/pkg/client/trader_client.go:751.2,751.64 1 0
github.com/luxfi/dex/pkg/client/trader_client.go:751.64,759.19 5 0
github.com/luxfi/dex/pkg/client/trader_client.go:759.19,761.31 2 0
github.com/luxfi/dex/pkg/client/trader_client.go:761.31,763.5 1 0
github.com/luxfi/dex/pkg/client/trader_client.go:764.4,767.35 2 0
github.com/luxfi/dex/pkg/client/trader_client.go:767.35,769.5 1 0
github.com/luxfi/dex/pkg/client/trader_client.go:770.4,770.17 1 0
github.com/luxfi/dex/pkg/client/trader_client.go:775.2,775.9 1 0
github.com/luxfi/dex/pkg/client/trader_client.go:776.32,776.32 0 0
github.com/luxfi/dex/pkg/client/trader_client.go:777.10,777.10 0 0
github.com/luxfi/dex/pkg/client/trader_client.go:781.2,781.61 1 0
github.com/luxfi/dex/pkg/client/trader_client.go:781.61,783.3 1 0
github.com/luxfi/dex/pkg/client/trader_client.go:787.74,788.46 1 0
github.com/luxfi/dex/pkg/client/trader_client.go:788.46,789.67 1 0
github.com/luxfi/dex/pkg/client/trader_client.go:789.67,799.4 6 0
github.com/luxfi/dex/pkg/client/trader_client.go:804.72,805.66 1 1
github.com/luxfi/dex/pkg/client/trader_client.go:805.66,807.40 2 1
github.com/luxfi/dex/pkg/client/trader_client.go:807.40,808.42 1 1
github.com/luxfi/dex/pkg/client/trader_client.go:808.42,811.5 2 1
github.com/luxfi/dex/pkg/client/trader_client.go:813.3,813.16 1 1
github.com/luxfi/dex/pkg/client/trader_client.go:818.64,819.45 1 0
github.com/luxfi/dex/pkg/client/trader_client.go:819.45,821.10 2 0
github.com/luxfi/dex/pkg/client/trader_client.go:822.27,822.27 0 0
github.com/luxfi/dex/pkg/client/trader_client.go:823.11,823.11 0 0
github.com/luxfi/dex/pkg/client/trader_client.go:829.36,833.6 3 0
github.com/luxfi/dex/pkg/client/trader_client.go:833.6,834.10 1 0
github.com/luxfi/dex/pkg/client/trader_client.go:835.19,836.19 1 0
github.com/luxfi/dex/pkg/client/trader_client.go:836.19,841.5 2 0
github.com/luxfi/dex/pkg/client/trader_client.go:842.23,843.10 1 0
github.com/luxfi/dex/pkg/client/trader_client.go:849.62,851.2 1 0
github.com/luxfi/dex/pkg/client/trader_client.go:854.68,856.2 1 0
github.com/luxfi/dex/pkg/client/trader_client.go:859.62,861.2 1 0
github.com/luxfi/dex/pkg/client/trader_client.go:864.62,866.2 1 0
github.com/luxfi/dex/pkg/client/trader_client.go:869.49,871.2 1 0
github.com/luxfi/dex/pkg/marketdata/aggregator.go:85.44,86.11 1 1
github.com/luxfi/dex/pkg/marketdata/aggregator.go:87.18,88.25 1 1
github.com/luxfi/dex/pkg/marketdata/aggregator.go:89.18,90.25 1 1
github.com/luxfi/dex/pkg/marketdata/aggregator.go:91.19,92.26 1 1
github.com/luxfi/dex/pkg/marketdata/aggregator.go:93.19,94.26 1 1
github.com/luxfi/dex/pkg/marketdata/aggregator.go:95.18,96.25 1 1
github.com/luxfi/dex/pkg/marketdata/aggregator.go:97.18,98.25 1 1
github.com/luxfi/dex/pkg/marketdata/aggregator.go:99.18,100.25 1 1
github.com/luxfi/dex/pkg/marketdata/aggregator.go:101.19,102.26 1 1
github.com/luxfi/dex/pkg/marketdata/aggregator.go:103.19,104.26 1 1
github.com/luxfi/dex/pkg/marketdata/aggregator.go:105.18,106.23 1 1
github.com/luxfi/dex/pkg/marketdata/aggregator.go:107.18,108.23 1 1
github.com/luxfi/dex/pkg/marketdata/aggregator.go:109.18,110.23 1 1
github.com/luxfi/dex/pkg/marketdata/aggregator.go:111.18,112.23 1 1
github.com/luxfi/dex/pkg/marketdata/aggregator.go:113.18,114.23 1 1
github.com/luxfi/dex/pkg/marketdata/aggregator.go:115.19,116.24 1 1
github.com/luxfi/dex/pkg/marketdata/aggregator.go:117.18,118.24 1 1
github.com/luxfi/dex/pkg/marketdata/aggregator.go:119.18,120.28 1 1
github.com/luxfi/dex/pkg/marketdata/aggregator.go:121.18,122.28 1 1
github.com/luxfi/dex/pkg/marketdata/aggregator.go:123.18,124.29 1 1
github.com/luxfi/dex/pkg/marketdata/aggregator.go:125.10,126.25 1 1
github.com/luxfi/dex/pkg/marketdata/aggregator.go:131.32,138.2 1 1
github.com/luxfi/dex/pkg/marketdata/aggregator.go:141.73,153.2 2 1
github.com/luxfi/dex/pkg/marketdata/aggregator.go:156.36,158.42 1 1
github.com/luxfi/dex/pkg/marketdata/aggregator.go:158.42,161.3 2 1
github.com/luxfi/dex/pkg/marketdata/aggregator.go:164.2,172.12 6 1
github.com/luxfi/dex/pkg/marketdata/aggregator.go:176.29,180.2 3 1
github.com/luxfi/dex/pkg/marketdata/aggregator.go:183.48,188.2 4 1
github.com/luxfi/dex/pkg/marketdata/aggregator.go:191.38,197.6 4 1
github.com/luxfi/dex/pkg/marketdata/aggregator.go:197.6,198.10 1 1
github.com/luxfi/dex/pkg/marketdata/aggregator.go:199.23,200.10 1 1
github.com/luxfi/dex/pkg/marketdata/aggregator.go:201.19,202.26 1 0
github.com/luxfi/dex/pkg/marketdata/aggregator.go:208.43,210.24 2 1
github.com/luxfi/dex/pkg/marketdata/aggregator.go:210.24,213.3 2 1
github.com/luxfi/dex/pkg/marketdata/aggregator.go:215.2,220.31 4 1
github.com/luxfi/dex/pkg/marketdata/aggregator.go:220.31,222.3 1 1
github.com/luxfi/dex/pkg/marketdata/aggregator.go:226.53,234.30 5 1
github.com/luxfi/dex/pkg/marketdata/aggregator.go:234.30,236.3 1 1
github.com/luxfi/dex/pkg/marketdata/aggregator.go:239.2,239.42 1 1
github.com/luxfi/dex/pkg/marketdata/aggregator.go:239.42,247.51 4 1
github.com/luxfi/dex/pkg/marketdata/aggregator.go:247.51,249.41 1 1
github.com/luxfi/dex/pkg/marketdata/aggregator.go:249.41,253.5 3 1
github.com/luxfi/dex/pkg/marketdata/aggregator.go:256.4,270.20 3 1
github.com/luxfi/dex/pkg/marketdata/aggregator.go:271.9,278.4 5 1
github.com/luxfi/dex/pkg/marketdata/aggregator.go:283.57,289.6 4 1
github.com/luxfi/dex/pkg/marketdata/aggregator.go:289.6,290.10 1 1
github.com/luxfi/dex/pkg/marketdata/aggregator.go:291.23,292.10 1 1
github.com/luxfi/dex/pkg/marketdata/aggregator.go:293.19,294.31 1 0
github.com/luxfi/dex/pkg/marketdata/aggregator.go:300.57,306.44 4 1
github.com/luxfi/dex/pkg/marketdata/aggregator.go:306.44,308.71 2 1
github.com/luxfi/dex/pkg/marketdata/aggregator.go:308.71,315.4 4 1
github.com/luxfi/dex/pkg/marketdata/aggregator.go:320.82,324.28 2 1
github.com/luxfi/dex/pkg/marketdata/aggregator.go:324.28,326.3 1 1
github.com/luxfi/dex/pkg/marketdata/aggregator.go:329.2,333.30 4 1
github.com/luxfi/dex/pkg/marketdata/aggregator.go:337.52,344.27 5 1
github.com/luxfi/dex/pkg/marketdata/aggregator.go:344.27,346.3 1 1
github.com/luxfi/dex/pkg/marketdata/aggregator.go:349.2,349.33 1 1
github.com/luxfi/dex/pkg/marketdata/aggregator.go:349.33,350.10 1 1
github.com/luxfi/dex/pkg/marketdata/aggregator.go:351.21,351.21 0 1
github.com/luxfi/dex/pkg/marketdata/aggregator.go:352.11,352.11 0 0
github.com/luxfi/dex/pkg/marketdata/aggregator.go:359.50,363.16 3 1
github.com/luxfi/dex/pkg/marketdata/aggregator.go:363.16,366.3 2 0
github.com/luxfi/dex/pkg/marketdata/aggregator.go:368.2,368.53 1 1
github.com/luxfi/dex/pkg/marketdata/aggregator.go:368.53,370.3 1 0
github.com/luxfi/dex/pkg/marketdata/aggregator.go:374.81,383.2 6 1
github.com/luxfi/dex/pkg/marketdata/aggregator.go:386.97,424.2 8 1
github.com/luxfi/dex/pkg/marketdata/aggregator.go:427.80,431.48 3 1
github.com/luxfi/dex/pkg/marketdata/aggregator.go:431.48,433.3 1 1
github.com/luxfi/dex/pkg/marketdata/aggregator.go:435.2,435.12 1 1
github.com/luxfi/dex/pkg/marketdata/aggregator.go:439.56,449.2 4 1
github.com/luxfi/dex/pkg/marketdata/aggregator.go:452.32,458.6 4 1
github.com/luxfi/dex/pkg/marketdata/aggregator.go:458.6,459.10 1 1
github.com/luxfi/dex/pkg/marketdata/aggregator.go:460.23,461.10 1 1
github.com/luxfi/dex/pkg/marketdata/aggregator.go:462.19,463.25 1 0
github.com/luxfi/dex/pkg/marketdata/aggregator.go:469.42,489.48 5 1
github.com/luxfi/dex/pkg/marketdata/aggregator.go:489.48,510.3 4 1
github.com/luxfi/dex/pkg/marketdata/aggregator.go:512.2,512.38 1 1
github.com/luxfi/dex/pkg/marketdata/aggregator.go:512.38,514.3 1 0
github.com/luxfi/dex/pkg/marketdata/aggregator.go:518.104,520.37 2 1
github.com/luxfi/dex/pkg/marketdata/aggregator.go:520.37,522.3 1 1
github.com/luxfi/dex/pkg/marketdata/aggregator.go:524.2,527.33 3 0
github.com/luxfi/dex/pkg/marketdata/aggregator.go:527.33,531.3 3 0
github.com/luxfi/dex/pkg/marketdata/aggregator.go:533.2,533.22 1 0
github.com/luxfi/dex/pkg/marketdata/aggregator.go:533.22,535.3 1 0
github.com/luxfi/dex/pkg/marketdata/aggregator.go:537.2,537.34 1 0
github.com/luxfi/dex/pkg/marketdata/aggregator.go:541.91,543.37 2 1
github.com/luxfi/dex/pkg/marketdata/aggregator.go:543.37,545.3 1 1
github.com/luxfi/dex/pkg/marketdata/aggregator.go:547.2,548.33 2 0
github.com/luxfi/dex/pkg/marketdata/aggregator.go:548.33,550.3 1 0
github.com/luxfi/dex/pkg/marketdata/aggregator.go:552.2,552.36 1 0
github.com/luxfi/dex/pkg/marketdata/aggregator.go:556.81,558.36 2 1
github.com/luxfi/dex/pkg/marketdata/aggregator.go:558.36,560.3 1 1
github.com/luxfi/dex/pkg/marketdata/aggregator.go:562.2,563.36 2 0
github.com/luxfi/dex/pkg/marketdata/aggregator.go:563.36,565.17 2 0
github.com/luxfi/dex/pkg/marketdata/aggregator.go:565.17,567.4 1 0
github.com/luxfi/dex/pkg/marketdata/aggregator.go:567.9,569.4 1 0
github.com/luxfi/dex/pkg/marketdata/aggregator.go:572.2,572.17 1 0
github.com/luxfi/dex/pkg/marketdata/aggregator.go:572.17,574.3 1 0
github.com/luxfi/dex/pkg/marketdata/aggregator.go:576.2,580.31 4 0
github.com/luxfi/dex/pkg/price/achain.go:59.58,72.2 1 1
github.com/luxfi/dex/pkg/price/achain.go:74.47,105.2 1 1
github.com/luxfi/dex/pkg/price/achain.go:108.31,115.2 1 1
github.com/luxfi/dex/pkg/price/achain.go:118.38,120.15 2 1
github.com/luxfi/dex/pkg/price/achain.go:120.15,123.3 2 0
github.com/luxfi/dex/pkg/price/achain.go:124.2,128.12 4 1
github.com/luxfi/dex/pkg/price/achain.go:131.31,135.6 3 1
github.com/luxfi/dex/pkg/price/achain.go:135.6,136.10 1 1
github.com/luxfi/dex/pkg/price/achain.go:137.17,138.10 1 1
github.com/luxfi/dex/pkg/price/achain.go:139.19,140.12 1 1
github.com/luxfi/dex/pkg/price/achain.go:145.31,150.41 4 1
github.com/luxfi/dex/pkg/price/achain.go:150.41,152.23 2 1
github.com/luxfi/dex/pkg/price/achain.go:152.23,155.4 2 1
github.com/luxfi/dex/pkg/price/achain.go:157.2,157.11 1 1
github.com/luxfi/dex/pkg/price/achain.go:160.66,171.37 5 1
github.com/luxfi/dex/pkg/price/achain.go:171.37,181.3 2 1
github.com/luxfi/dex/pkg/price/achain.go:182.2,182.18 1 1
github.com/luxfi/dex/pkg/price/achain.go:185.61,194.9 3 1
github.com/luxfi/dex/pkg/price/achain.go:194.9,196.3 1 0
github.com/luxfi/dex/pkg/price/achain.go:199.2,209.38 7 1
github.com/luxfi/dex/pkg/price/achain.go:209.38,210.17 1 1
github.com/luxfi/dex/pkg/price/achain.go:210.17,216.4 1 1
github.com/luxfi/dex/pkg/price/achain.go:219.2,227.3 1 1
github.com/luxfi/dex/pkg/price/achain.go:230.61,234.16 3 1
github.com/luxfi/dex/pkg/price/achain.go:234.16,236.3 1 0
github.com/luxfi/dex/pkg/price/achain.go:237.2,238.19 2 1
github.com/luxfi/dex/pkg/price/achain.go:238.19,240.3 1 1
github.com/luxfi/dex/pkg/price/achain.go:241.2,241.19 1 0
github.com/luxfi/dex/pkg/price/achain.go:245.60,250.9 4 0
github.com/luxfi/dex/pkg/price/achain.go:250.9,252.3 1 0
github.com/luxfi/dex/pkg/price/achain.go:254.2,254.48 1 0
github.com/luxfi/dex/pkg/price/achain.go:254.48,258.3 3 0
github.com/luxfi/dex/pkg/price/achain.go:260.2,261.19 2 0
github.com/luxfi/dex/pkg/price/achain.go:265.75,267.30 2 0
github.com/luxfi/dex/pkg/price/achain.go:267.30,268.41 1 0
github.com/luxfi/dex/pkg/price/achain.go:268.41,270.4 1 0
github.com/luxfi/dex/pkg/price/achain.go:272.2,272.20 1 0
github.com/luxfi/dex/pkg/price/achain.go:276.73,281.9 4 1
github.com/luxfi/dex/pkg/price/achain.go:281.9,283.3 1 0
github.com/luxfi/dex/pkg/price/achain.go:284.2,284.17 1 1
github.com/luxfi/dex/pkg/price/achain.go:288.59,293.33 4 0
github.com/luxfi/dex/pkg/price/achain.go:293.33,295.3 1 0
github.com/luxfi/dex/pkg/price/achain.go:296.2,296.15 1 0
github.com/luxfi/dex/pkg/price/achain.go:300.85,305.27 4 0
github.com/luxfi/dex/pkg/price/achain.go:305.27,307.3 1 0
github.com/luxfi/dex/pkg/price/achain.go:310.2,311.14 2 0
github.com/luxfi/dex/pkg/price/achain.go:311.14,313.3 1 0
github.com/luxfi/dex/pkg/price/achain.go:314.2,314.26 1 0
github.com/luxfi/dex/pkg/price/achain.go:318.55,318.69 1 0
github.com/luxfi/dex/pkg/price/achain.go:321.57,321.71 1 0
github.com/luxfi/dex/pkg/price/achain.go:324.39,328.2 3 1
github.com/luxfi/dex/pkg/price/achain.go:331.38,331.58 1 0
github.com/luxfi/dex/pkg/price/achain.go:334.41,334.55 1 0
github.com/luxfi/dex/pkg/price/achain.go:337.38,343.2 5 1
github.com/luxfi/dex/pkg/price/achain.go:346.41,350.2 3 0
github.com/luxfi/dex/pkg/price/aggregator.go:33.26,53.2 1 1
github.com/luxfi/dex/pkg/price/aggregator.go:56.39,60.2 3 1
github.com/luxfi/dex/pkg/price/aggregator.go:63.53,67.2 3 1
github.com/luxfi/dex/pkg/price/aggregator.go:70.32,72.44 1 1
github.com/luxfi/dex/pkg/price/aggregator.go:72.44,74.3 1 1
github.com/luxfi/dex/pkg/price/aggregator.go:76.2,78.12 3 1
github.com/luxfi/dex/pkg/price/aggregator.go:81.25,85.23 3 1
github.com/luxfi/dex/pkg/price/aggregator.go:85.23,88.3 2 1
github.com/luxfi/dex/pkg/price/aggregator.go:91.27,94.30 3 1
github.com/luxfi/dex/pkg/price/aggregator.go:94.30,96.3 1 1
github.com/luxfi/dex/pkg/price/aggregator.go:97.2,99.34 2 1
github.com/luxfi/dex/pkg/price/aggregator.go:99.34,105.33 3 1
github.com/luxfi/dex/pkg/price/aggregator.go:105.33,106.22 1 1
github.com/luxfi/dex/pkg/price/aggregator.go:106.22,107.13 1 0
github.com/luxfi/dex/pkg/price/aggregator.go:111.4,111.33 1 1
github.com/luxfi/dex/pkg/price/aggregator.go:111.33,113.19 2 1
github.com/luxfi/dex/pkg/price/aggregator.go:113.19,114.14 1 1
github.com/luxfi/dex/pkg/price/aggregator.go:118.5,121.45 2 1
github.com/luxfi/dex/pkg/price/aggregator.go:121.45,122.28 1 0
github.com/luxfi/dex/pkg/price/aggregator.go:122.28,124.15 2 0
github.com/luxfi/dex/pkg/price/aggregator.go:128.5,129.10 2 1
github.com/luxfi/dex/pkg/price/aggregator.go:133.3,133.33 1 1
github.com/luxfi/dex/pkg/price/aggregator.go:133.33,134.12 1 0
github.com/luxfi/dex/pkg/price/aggregator.go:137.3,138.17 2 1
github.com/luxfi/dex/pkg/price/aggregator.go:138.17,139.12 1 0
github.com/luxfi/dex/pkg/price/aggregator.go:142.3,143.27 2 1
github.com/luxfi/dex/pkg/price/aggregator.go:147.52,155.30 5 1
github.com/luxfi/dex/pkg/price/aggregator.go:155.30,157.3 1 1
github.com/luxfi/dex/pkg/price/aggregator.go:158.2,159.36 2 1
github.com/luxfi/dex/pkg/price/aggregator.go:159.36,161.3 1 0
github.com/luxfi/dex/pkg/price/aggregator.go:164.2,164.16 1 1
github.com/luxfi/dex/pkg/price/aggregator.go:164.16,166.10 2 1
github.com/luxfi/dex/pkg/price/aggregator.go:174.5,174.5 0 1
github.com/luxfi/dex/pkg/price/aggregator.go:175.11,175.11 0 0
github.com/luxfi/dex/pkg/price/aggregator.go:180.33,184.23 3 1
github.com/luxfi/dex/pkg/price/aggregator.go:184.23,188.39 3 1
github.com/luxfi/dex/pkg/price/aggregator.go:188.39,189.22 1 1
github.com/luxfi/dex/pkg/price/aggregator.go:189.22,190.13 1 0
github.com/luxfi/dex/pkg/price/aggregator.go:194.4,197.50 2 1
github.com/luxfi/dex/pkg/price/aggregator.go:199.3,199.16 1 1
github.com/luxfi/dex/pkg/price/aggregator.go:204.47,208.36 3 1
github.com/luxfi/dex/pkg/price/aggregator.go:208.36,209.45 1 1
github.com/luxfi/dex/pkg/price/aggregator.go:209.45,211.4 1 0
github.com/luxfi/dex/pkg/price/aggregator.go:212.3,212.17 1 1
github.com/luxfi/dex/pkg/price/aggregator.go:214.2,214.10 1 1
github.com/luxfi/dex/pkg/price/aggregator.go:218.53,223.9 4 1
github.com/luxfi/dex/pkg/price/aggregator.go:223.9,225.3 1 1
github.com/luxfi/dex/pkg/price/aggregator.go:226.2,227.19 2 0
github.com/luxfi/dex/pkg/price/aggregator.go:231.46,235.2 3 1
github.com/luxfi/dex/pkg/price/aggregator.go:238.46,242.2 3 1
github.com/luxfi/dex/pkg/price/aggregator.go:245.43,247.2 1 1
github.com/luxfi/dex/pkg/price/aggregator.go:250.41,252.2 1 1
github.com/luxfi/dex/pkg/price/aggregator.go:255.25,257.44 1 1
github.com/luxfi/dex/pkg/price/aggregator.go:257.44,259.3 1 1
github.com/luxfi/dex/pkg/price/aggregator.go:262.2,262.36 1 1
github.com/luxfi/dex/pkg/price/aggregator.go:266.78,267.9 1 0
github.com/luxfi/dex/pkg/price/aggregator.go:274.4,274.4 0 0
github.com/luxfi/dex/pkg/price/aggregator.go:275.10,275.10 0 0
github.com/luxfi/dex/pkg/price/aggregator.go:286.67,287.32 1 1
github.com/luxfi/dex/pkg/price/aggregator.go:287.32,289.3 1 1
github.com/luxfi/dex/pkg/price/aggregator.go:292.2,292.41 1 1
github.com/luxfi/dex/pkg/price/aggregator.go:292.41,294.3 1 1
github.com/luxfi/dex/pkg/price/aggregator.go:297.2,301.27 3 1
github.com/luxfi/dex/pkg/price/aggregator.go:301.27,303.28 2 1
github.com/luxfi/dex/pkg/price/aggregator.go:303.28,305.4 1 1
github.com/luxfi/dex/pkg/price/aggregator.go:308.2,308.34 1 1
github.com/luxfi/dex/pkg/price/aggregator.go:308.34,310.3 1 1
github.com/luxfi/dex/pkg/price/aggregator.go:313.2,317.29 4 1
github.com/luxfi/dex/pkg/price/aggregator.go:317.29,322.3 4 1
github.com/luxfi/dex/pkg/price/aggregator.go:324.2,331.8 1 1
github.com/luxfi/dex/pkg/price/aggregator.go:335.57,336.22 1 1
github.com/luxfi/dex/pkg/price/aggregator.go:336.22,338.3 1 1
github.com/luxfi/dex/pkg/price/aggregator.go:339.2,339.12 1 1
github.com/luxfi/dex/pkg/price/aggregator.go:342.61,343.22 1 1
github.com/luxfi/dex/pkg/price/aggregator.go:343.22,345.3 1 0
github.com/luxfi/dex/pkg/price/aggregator.go:347.2,348.23 2 1
github.com/luxfi/dex/pkg/price/aggregator.go:348.23,350.3 1 1
github.com/luxfi/dex/pkg/price/aggregator.go:353.2,354.27 2 1
github.com/luxfi/dex/pkg/price/aggregator.go:354.27,356.3 1 1
github.com/luxfi/dex/pkg/price/aggregator.go:358.2,361.18 4 1
github.com/luxfi/dex/pkg/price/aggregator.go:361.18,363.3 1 0
github.com/luxfi/dex/pkg/price/aggregator.go:365.2,365.39 1 1
github.com/luxfi/dex/pkg/price/aggregator.go:380.53,381.23 1 1
github.com/luxfi/dex/pkg/price/aggregator.go:381.23,385.3 3 1
github.com/luxfi/dex/pkg/price/aggregator.go:388.2,388.54 1 1
github.com/luxfi/dex/pkg/price/aggregator.go:388.54,390.3 1 1
github.com/luxfi/dex/pkg/price/aggregator.go:392.2,392.16 1 1
github.com/luxfi/dex/pkg/price/aggregator.go:392.16,394.3 1 1
github.com/luxfi/dex/pkg/price/aggregator.go:396.2,397.27 2 1
github.com/luxfi/dex/pkg/price/aggregator.go:397.27,401.3 3 1
github.com/luxfi/dex/pkg/price/aggregator.go:403.2,405.13 3 1
github.com/luxfi/dex/pkg/price/aggregator.go:410.62,415.28 4 1
github.com/luxfi/dex/pkg/price/aggregator.go:415.28,416.32 1 1
github.com/luxfi/dex/pkg/price/aggregator.go:416.32,419.4 2 1
github.com/luxfi/dex/pkg/price/aggregator.go:422.2,422.16 1 1
github.com/luxfi/dex/pkg/price/aggregator.go:422.16,424.3 1 1
github.com/luxfi/dex/pkg/price/aggregator.go:425.2,425.29 1 1
github.com/luxfi/dex/pkg/price/aggregator.go:428.62,432.28 3 1
github.com/luxfi/dex/pkg/price/aggregator.go:432.28,433.32 1 1
github.com/luxfi/dex/pkg/price/aggregator.go:433.32,436.4 2 1
github.com/luxfi/dex/pkg/price/aggregator.go:439.2,439.22 1 1
github.com/luxfi/dex/pkg/price/aggregator.go:439.22,441.3 1 1
github.com/luxfi/dex/pkg/price/aggregator.go:442.2,442.33 1 1
github.com/luxfi/dex/pkg/price/aggregator.go:445.36,446.22 1 1
github.com/luxfi/dex/pkg/price/aggregator.go:446.22,448.3 1 1
github.com/luxfi/dex/pkg/price/aggregator.go:449.2,450.27 2 1
github.com/luxfi/dex/pkg/price/aggregator.go:450.27,452.3 1 1
github.com/luxfi/dex/pkg/price/aggregator.go:453.2,453.35 1 1
github.com/luxfi/dex/pkg/price/aggregator.go:456.53,457.22 1 1
github.com/luxfi/dex/pkg/price/aggregator.go:457.22,459.3 1 1
github.com/luxfi/dex/pkg/price/aggregator.go:460.2,461.27 2 1
github.com/luxfi/dex/pkg/price/aggregator.go:461.27,464.3 2 1
github.com/luxfi/dex/pkg/price/aggregator.go:465.2,465.46 1 1
github.com/luxfi/dex/pkg/price/cchain.go:48.58,61.2 1 1
github.com/luxfi/dex/pkg/price/cchain.go:63.40,69.2 1 1
github.com/luxfi/dex/pkg/price/cchain.go:71.42,177.2 1 1
github.com/luxfi/dex/pkg/price/cchain.go:180.38,182.15 2 1
github.com/luxfi/dex/pkg/price/cchain.go:182.15,185.3 2 0
github.com/luxfi/dex/pkg/price/cchain.go:186.2,190.12 4 1
github.com/luxfi/dex/pkg/price/cchain.go:193.31,197.6 3 1
github.com/luxfi/dex/pkg/price/cchain.go:197.6,198.10 1 1
github.com/luxfi/dex/pkg/price/cchain.go:199.17,200.10 1 1
github.com/luxfi/dex/pkg/price/cchain.go:201.19,202.12 1 1
github.com/luxfi/dex/pkg/price/cchain.go:207.31,212.37 4 1
github.com/luxfi/dex/pkg/price/cchain.go:212.37,214.36 2 1
github.com/luxfi/dex/pkg/price/cchain.go:214.36,217.4 2 1
github.com/luxfi/dex/pkg/price/cchain.go:219.2,219.11 1 1
github.com/luxfi/dex/pkg/price/cchain.go:222.82,239.2 6 1
github.com/luxfi/dex/pkg/price/cchain.go:241.56,266.9 3 1
github.com/luxfi/dex/pkg/price/cchain.go:266.9,268.3 1 0
github.com/luxfi/dex/pkg/price/cchain.go:271.2,273.22 3 1
github.com/luxfi/dex/pkg/price/cchain.go:277.60,282.9 4 1
github.com/luxfi/dex/pkg/price/cchain.go:282.9,284.3 1 0
github.com/luxfi/dex/pkg/price/cchain.go:286.2,286.48 1 1
github.com/luxfi/dex/pkg/price/cchain.go:286.48,290.3 3 0
github.com/luxfi/dex/pkg/price/cchain.go:292.2,293.19 2 1
github.com/luxfi/dex/pkg/price/cchain.go:297.75,299.30 2 0
github.com/luxfi/dex/pkg/price/cchain.go:299.30,300.41 1 0
github.com/luxfi/dex/pkg/price/cchain.go:300.41,302.4 1 0
github.com/luxfi/dex/pkg/price/cchain.go:304.2,304.20 1 0
github.com/luxfi/dex/pkg/price/cchain.go:308.55,308.69 1 0
github.com/luxfi/dex/pkg/price/cchain.go:311.57,311.71 1 0
github.com/luxfi/dex/pkg/price/cchain.go:314.39,318.2 3 1
github.com/luxfi/dex/pkg/price/cchain.go:321.38,321.58 1 0
github.com/luxfi/dex/pkg/price/cchain.go:324.41,324.55 1 0
github.com/luxfi/dex/pkg/price/cchain.go:327.38,333.2 5 1
github.com/luxfi/dex/pkg/price/cchain.go:336.70,341.9 4 0
github.com/luxfi/dex/pkg/price/cchain.go:341.9,343.3 1 0
github.com/luxfi/dex/pkg/price/cchain.go:344.2,344.15 1 0
github.com/luxfi/dex/pkg/price/chainlink.go:30.44,40.2 1 1
github.com/luxfi/dex/pkg/price/chainlink.go:42.41,50.2 1 1
github.com/luxfi/dex/pkg/price/chainlink.go:53.41,55.15 2 1
github.com/luxfi/dex/pkg/price/chainlink.go:55.15,58.3 2 0
github.com/luxfi/dex/pkg/price/chainlink.go:59.2,64.12 5 1
github.com/luxfi/dex/pkg/price/chainlink.go:67.34,71.6 3 1
github.com/luxfi/dex/pkg/price/chainlink.go:71.6,72.10 1 1
github.com/luxfi/dex/pkg/price/chainlink.go:73.17,74.10 1 1
github.com/luxfi/dex/pkg/price/chainlink.go:75.19,76.12 1 0
github.com/luxfi/dex/pkg/price/chainlink.go:81.34,86.36 4 1
github.com/luxfi/dex/pkg/price/chainlink.go:86.36,88.26 2 1
github.com/luxfi/dex/pkg/price/chainlink.go:88.26,91.4 2 1
github.com/luxfi/dex/pkg/price/chainlink.go:93.2,93.11 1 1
github.com/luxfi/dex/pkg/price/chainlink.go:96.75,114.2 7 1
github.com/luxfi/dex/pkg/price/chainlink.go:116.59,126.9 3 1
github.com/luxfi/dex/pkg/price/chainlink.go:126.9,128.3 1 0
github.com/luxfi/dex/pkg/price/chainlink.go:131.2,132.14 2 1
github.com/luxfi/dex/pkg/price/chainlink.go:136.63,141.9 4 1
github.com/luxfi/dex/pkg/price/chainlink.go:141.9,143.3 1 0
github.com/luxfi/dex/pkg/price/chainlink.go:145.2,145.49 1 1
github.com/luxfi/dex/pkg/price/chainlink.go:145.49,149.3 3 0
github.com/luxfi/dex/pkg/price/chainlink.go:151.2,152.19 2 1
github.com/luxfi/dex/pkg/price/chainlink.go:156.78,158.30 2 0
github.com/luxfi/dex/pkg/price/chainlink.go:158.30,159.41 1 0
github.com/luxfi/dex/pkg/price/chainlink.go:159.41,161.4 1 0
github.com/luxfi/dex/pkg/price/chainlink.go:163.2,163.20 1 0
github.com/luxfi/dex/pkg/price/chainlink.go:167.58,167.72 1 0
github.com/luxfi/dex/pkg/price/chainlink.go:170.60,170.74 1 0
github.com/luxfi/dex/pkg/price/chainlink.go:173.42,177.2 3 1
github.com/luxfi/dex/pkg/price/chainlink.go:180.41,180.63 1 0
github.com/luxfi/dex/pkg/price/chainlink.go:183.44,183.58 1 0
github.com/luxfi/dex/pkg/price/chainlink.go:186.41,192.2 5 1
github.com/luxfi/dex/pkg/price/normalize.go:10.38,17.31 5 1
github.com/luxfi/dex/pkg/price/normalize.go:17.31,19.3 1 1
github.com/luxfi/dex/pkg/price/normalize.go:21.2,21.10 1 1
github.com/luxfi/dex/pkg/price/normalize.go:24.34,28.27 2 1
github.com/luxfi/dex/pkg/price/normalize.go:28.27,29.49 1 1
github.com/luxfi/dex/pkg/price/normalize.go:29.49,32.4 2 1
github.com/luxfi/dex/pkg/price/normalize.go:34.2,34.10 1 1
github.com/luxfi/dex/pkg/price/normalize.go:43.32,47.2 1 1
github.com/luxfi/dex/pkg/price/normalize.go:49.41,87.2 1 1
github.com/luxfi/dex/pkg/price/normalize.go:90.47,92.35 2 1
github.com/luxfi/dex/pkg/price/normalize.go:92.35,94.3 1 0
github.com/luxfi/dex/pkg/price/normalize.go:95.2,95.10 1 1
github.com/luxfi/dex/pkg/price/normalize.go:99.47,101.2 1 0
github.com/luxfi/dex/pkg/price/normalize.go:104.57,108.34 3 1
github.com/luxfi/dex/pkg/price/normalize.go:108.34,109.30 1 1
github.com/luxfi/dex/pkg/price/normalize.go:109.30,111.4 1 1
github.com/luxfi/dex/pkg/price/normalize.go:113.2,113.15 1 1
github.com/luxfi/dex/pkg/price/normalize.go:117.52,120.21 3 1
github.com/luxfi/dex/pkg/price/normalize.go:120.21,122.3 1 1
github.com/luxfi/dex/pkg/price/normalize.go:123.2,123.14 1 0
github.com/luxfi/dex/pkg/price/normalize.go:127.34,130.2 2 1
github.com/luxfi/dex/pkg/price/normalize.go:133.33,136.2 2 0
github.com/luxfi/dex/pkg/price/normalize.go:139.33,141.2 1 0
github.com/luxfi/dex/pkg/price/normalize.go:144.34,146.2 1 0
github.com/luxfi/dex/pkg/price/normalize.go:149.32,152.2 2 1
github.com/luxfi/dex/pkg/price/pyth.go:34.54,44.2 1 0
github.com/luxfi/dex/pkg/price/pyth.go:46.39,54.2 1 0
github.com/luxfi/dex/pkg/price/pyth.go:57.38,61.19 3 0
github.com/luxfi/dex/pkg/price/pyth.go:61.19,63.3 1 0
github.com/luxfi/dex/pkg/price/pyth.go:65.2,67.16 3 0
github.com/luxfi/dex/pkg/price/pyth.go:67.16,69.3 1 0
github.com/luxfi/dex/pkg/price/pyth.go:71.2,79.33 6 0
github.com/luxfi/dex/pkg/price/pyth.go:79.33,81.3 1 0
github.com/luxfi/dex/pkg/price/pyth.go:83.2,83.12 1 0
github.com/luxfi/dex/pkg/price/pyth.go:86.29,87.15 1 0
github.com/luxfi/dex/pkg/price/pyth.go:87.15,91.3 3 0
github.com/luxfi/dex/pkg/price/pyth.go:93.2,93.6 1 0
github.com/luxfi/dex/pkg/price/pyth.go:93.6,94.10 1 0
github.com/luxfi/dex/pkg/price/pyth.go:95.17,96.10 1 0
github.com/luxfi/dex/pkg/price/pyth.go:97.11,99.48 2 0
github.com/luxfi/dex/pkg/price/pyth.go:99.48,101.5 1 0
github.com/luxfi/dex/pkg/price/pyth.go:102.4,102.17 1 0
github.com/luxfi/dex/pkg/price/pyth.go:107.57,110.17 2 0
github.com/luxfi/dex/pkg/price/pyth.go:111.22,112.21 1 0
github.com/luxfi/dex/pkg/price/pyth.go:113.19,116.16 3 0
github.com/luxfi/dex/pkg/price/pyth.go:120.62,122.9 2 0
github.com/luxfi/dex/pkg/price/pyth.go:122.9,124.3 1 0
github.com/luxfi/dex/pkg/price/pyth.go:126.2,130.34 3 0
github.com/luxfi/dex/pkg/price/pyth.go:130.34,131.20 1 0
github.com/luxfi/dex/pkg/price/pyth.go:131.20,133.9 2 0
github.com/luxfi/dex/pkg/price/pyth.go:136.2,136.18 1 0
github.com/luxfi/dex/pkg/price/pyth.go:136.18,138.3 1 0
github.com/luxfi/dex/pkg/price/pyth.go:140.2,144.44 4 0
github.com/luxfi/dex/pkg/price/pyth.go:144.44,146.3 1 0
github.com/luxfi/dex/pkg/price/pyth.go:148.2,156.15 3 0
github.com/luxfi/dex/pkg/price/pyth.go:159.53,161.9 2 0
github.com/luxfi/dex/pkg/price/pyth.go:161.9,163.3 1 0
github.com/luxfi/dex/pkg/price/pyth.go:165.2,165.19 1 0
github.com/luxfi/dex/pkg/price/pyth.go:165.19,167.3 1 0
github.com/luxfi/dex/pkg/price/pyth.go:169.2,172.4 1 0
github.com/luxfi/dex/pkg/price/pyth.go:175.29,179.6 3 0
github.com/luxfi/dex/pkg/price/pyth.go:179.6,180.10 1 0
github.com/luxfi/dex/pkg/price/pyth.go:181.17,182.10 1 0
github.com/luxfi/dex/pkg/price/pyth.go:183.19,187.19 4 0
github.com/luxfi/dex/pkg/price/pyth.go:187.19,189.5 1 0
github.com/luxfi/dex/pkg/price/pyth.go:195.58,200.9 4 0
github.com/luxfi/dex/pkg/price/pyth.go:200.9,202.3 1 0
github.com/luxfi/dex/pkg/price/pyth.go:204.2,205.19 2 0
github.com/luxfi/dex/pkg/price/pyth.go:208.62,210.9 2 0
github.com/luxfi/dex/pkg/price/pyth.go:210.9,212.3 1 0
github.com/luxfi/dex/pkg/price/pyth.go:214.2,216.16 3 0
github.com/luxfi/dex/pkg/price/pyth.go:216.16,218.3 1 0
github.com/luxfi/dex/pkg/price/pyth.go:219.2,228.67 3 0
github.com/luxfi/dex/pkg/price/pyth.go:228.67,230.3 1 0
github.com/luxfi/dex/pkg/price/pyth.go:232.2,232.22 1 0
github.com/luxfi/dex/pkg/price/pyth.go:232.22,234.3 1 0
github.com/luxfi/dex/pkg/price/pyth.go:236.2,245.8 3 0
github.com/luxfi/dex/pkg/price/pyth.go:249.73,251.30 2 0
github.com/luxfi/dex/pkg/price/pyth.go:251.30,252.41 1 0
github.com/luxfi/dex/pkg/price/pyth.go:252.41,254.4 1 0
github.com/luxfi/dex/pkg/price/pyth.go:256.2,256.20 1 0
github.com/luxfi/dex/pkg/price/pyth.go:260.53,265.2 4 0
github.com/luxfi/dex/pkg/price/pyth.go:268.55,273.2 4 0
github.com/luxfi/dex/pkg/price/pyth.go:276.37,280.2 3 0
github.com/luxfi/dex/pkg/price/pyth.go:283.36,283.53 1 0
github.com/luxfi/dex/pkg/price/pyth.go:286.39,286.53 1 0
github.com/luxfi/dex/pkg/price/pyth.go:289.36,293.19 4 0
github.com/luxfi/dex/pkg/price/pyth.go:293.19,295.3 1 0
github.com/luxfi/dex/pkg/price/pyth.go:296.2,296.12 1 0
github.com/luxfi/dex/pkg/price/qchain.go:78.58,92.2 1 0
github.com/luxfi/dex/pkg/price/qchain.go:94.48,129.2 1 0
github.com/luxfi/dex/pkg/price/qchain.go:132.33,140.2 1 0
github.com/luxfi/dex/pkg/price/qchain.go:143.38,145.15 2 0
github.com/luxfi/dex/pkg/price/qchain.go:145.15,148.3 2 0
github.com/luxfi/dex/pkg/price/qchain.go:149.2,153.12 4 0
github.com/luxfi/dex/pkg/price/qchain.go:156.31,160.6 3 0
github.com/luxfi/dex/pkg/price/qchain.go:160.6,161.10 1 0
github.com/luxfi/dex/pkg/price/qchain.go:162.17,163.10 1 0
github.com/luxfi/dex/pkg/price/qchain.go:164.19,165.12 1 0
github.com/luxfi/dex/pkg/price/qchain.go:170.31,175.42 4 0
github.com/luxfi/dex/pkg/price/qchain.go:175.42,177.21 2 0
github.com/luxfi/dex/pkg/price/qchain.go:177.21,180.4 2 0
github.com/luxfi/dex/pkg/price/qchain.go:182.2,182.11 1 0
github.com/luxfi/dex/pkg/price/qchain.go:185.73,207.2 8 0
github.com/luxfi/dex/pkg/price/qchain.go:209.72,220.38 7 0
github.com/luxfi/dex/pkg/price/qchain.go:220.38,221.17 1 0
github.com/luxfi/dex/pkg/price/qchain.go:221.17,231.4 2 0
github.com/luxfi/dex/pkg/price/qchain.go:234.2,242.3 1 0
github.com/luxfi/dex/pkg/price/qchain.go:245.73,246.20 1 0
github.com/luxfi/dex/pkg/price/qchain.go:246.20,248.3 1 0
github.com/luxfi/dex/pkg/price/qchain.go:251.2,253.26 3 0
github.com/luxfi/dex/pkg/price/qchain.go:253.26,255.3 1 0
github.com/luxfi/dex/pkg/price/qchain.go:257.2,261.37 3 0
github.com/luxfi/dex/pkg/price/qchain.go:261.37,263.3 1 0
github.com/luxfi/dex/pkg/price/qchain.go:264.2,265.21 2 0
github.com/luxfi/dex/pkg/price/qchain.go:265.21,267.3 1 0
github.com/luxfi/dex/pkg/price/qchain.go:269.2,269.37 1 0
github.com/luxfi/dex/pkg/price/qchain.go:273.60,278.9 4 0
github.com/luxfi/dex/pkg/price/qchain.go:278.9,280.3 1 0
github.com/luxfi/dex/pkg/price/qchain.go:282.2,282.48 1 0
github.com/luxfi/dex/pkg/price/qchain.go:282.48,286.3 3 0
github.com/luxfi/dex/pkg/price/qchain.go:288.2,289.19 2 0
github.com/luxfi/dex/pkg/price/qchain.go:293.75,295.30 2 0
github.com/luxfi/dex/pkg/price/qchain.go:295.30,296.41 1 0
github.com/luxfi/dex/pkg/price/qchain.go:296.41,298.4 1 0
github.com/luxfi/dex/pkg/price/qchain.go:300.2,300.20 1 0
github.com/luxfi/dex/pkg/price/qchain.go:304.73,309.9 4 0
github.com/luxfi/dex/pkg/price/qchain.go:309.9,311.3 1 0
github.com/luxfi/dex/pkg/price/qchain.go:312.2,312.17 1 0
github.com/luxfi/dex/pkg/price/qchain.go:316.96,322.38 4 0
github.com/luxfi/dex/pkg/price/qchain.go:322.38,324.3 1 0
github.com/luxfi/dex/pkg/price/qchain.go:327.2,328.9 2 0
github.com/luxfi/dex/pkg/price/qchain.go:328.9,330.3 1 0
github.com/luxfi/dex/pkg/price/qchain.go:333.2,344.17 3 0
github.com/luxfi/dex/pkg/price/qchain.go:348.90,353.27 4 0
github.com/luxfi/dex/pkg/price/qchain.go:353.27,355.3 1 0
github.com/luxfi/dex/pkg/price/qchain.go:358.2,358.50 1 0
github.com/luxfi/dex/pkg/price/qchain.go:362.94,369.31 5 0
github.com/luxfi/dex/pkg/price/qchain.go:369.31,371.10 2 0
github.com/luxfi/dex/pkg/price/qchain.go:371.10,373.12 2 0
github.com/luxfi/dex/pkg/price/qchain.go:375.3,376.21 2 0
github.com/luxfi/dex/pkg/price/qchain.go:376.21,378.4 1 0
github.com/luxfi/dex/pkg/price/qchain.go:381.2,381.30 1 0
github.com/luxfi/dex/pkg/price/qchain.go:385.60,390.33 4 0
github.com/luxfi/dex/pkg/price/qchain.go:390.33,392.3 1 0
github.com/luxfi/dex/pkg/price/qchain.go:393.2,393.15 1 0
github.com/luxfi/dex/pkg/price/qchain.go:397.55,397.69 1 0
github.com/luxfi/dex/pkg/price/qchain.go:400.57,400.71 1 0
github.com/luxfi/dex/pkg/price/qchain.go:403.39,407.2 3 0
github.com/luxfi/dex/pkg/price/qchain.go:410.38,410.58 1 0
github.com/luxfi/dex/pkg/price/qchain.go:413.41,413.55 1 0
github.com/luxfi/dex/pkg/price/qchain.go:416.38,422.2 5 0
github.com/luxfi/dex/pkg/price/qchain.go:425.41,429.2 3 0
github.com/luxfi/dex/pkg/price/qchain.go:432.56,438.33 5 0
github.com/luxfi/dex/pkg/price/qchain.go:438.33,441.3 2 0
github.com/luxfi/dex/pkg/price/qchain.go:443.2,443.16 1 0
github.com/luxfi/dex/pkg/price/qchain.go:443.16,445.3 1 0
github.com/luxfi/dex/pkg/price/qchain.go:446.2,446.37 1 0
github.com/luxfi/dex/pkg/price/qchain.go:450.42,452.2 1 0
github.com/luxfi/dex/pkg/price/source.go:30.67,38.2 1 0
github.com/luxfi/dex/pkg/price/source.go:41.41,43.15 2 0
github.com/luxfi/dex/pkg/price/source.go:43.15,46.3 2 0
github.com/luxfi/dex/pkg/price/source.go:47.2,51.12 4 0
github.com/luxfi/dex/pkg/price/source.go:54.34,58.6 3 0
github.com/luxfi/dex/pkg/price/source.go:58.6,59.10 1 0
github.com/luxfi/dex/pkg/price/source.go:60.17,61.10 1 0
github.com/luxfi/dex/pkg/price/source.go:62.19,63.14 1 0
github.com/luxfi/dex/pkg/price/source.go:68.36,69.20 1 0
github.com/luxfi/dex/pkg/price/source.go:69.20,71.3 1 0
github.com/luxfi/dex/pkg/price/source.go:73.2,77.33 4 0
github.com/luxfi/dex/pkg/price/source.go:77.33,81.27 3 0
github.com/luxfi/dex/pkg/price/source.go:81.27,82.12 1 0
github.com/luxfi/dex/pkg/price/source.go:85.3,86.25 2 0
github.com/luxfi/dex/pkg/price/source.go:86.25,88.4 1 0
github.com/luxfi/dex/pkg/price/source.go:88.9,88.21 1 0
github.com/luxfi/dex/pkg/price/source.go:88.21,90.4 1 0
github.com/luxfi/dex/pkg/price/source.go:90.9,92.4 1 0
github.com/luxfi/dex/pkg/price/source.go:95.3,96.38 2 0
github.com/luxfi/dex/pkg/price/source.go:96.38,99.24 3 0
github.com/luxfi/dex/pkg/price/source.go:99.24,101.5 1 0
github.com/luxfi/dex/pkg/price/source.go:104.3,113.36 2 0
github.com/luxfi/dex/pkg/price/source.go:118.63,123.9 4 0
github.com/luxfi/dex/pkg/price/source.go:123.9,125.3 1 0
github.com/luxfi/dex/pkg/price/source.go:127.2,127.52 1 0
github.com/luxfi/dex/pkg/price/source.go:127.52,131.3 3 0
github.com/luxfi/dex/pkg/price/source.go:133.2,134.19 2 0
github.com/luxfi/dex/pkg/price/source.go:138.78,140.30 2 0
github.com/luxfi/dex/pkg/price/source.go:140.30,141.41 1 0
github.com/luxfi/dex/pkg/price/source.go:141.41,143.4 1 0
github.com/luxfi/dex/pkg/price/source.go:145.2,145.20 1 0
github.com/luxfi/dex/pkg/price/source.go:149.58,149.72 1 0
github.com/luxfi/dex/pkg/price/source.go:152.60,152.74 1 0
github.com/luxfi/dex/pkg/price/source.go:155.42,159.2 3 0
github.com/luxfi/dex/pkg/price/source.go:162.41,162.63 1 0
github.com/luxfi/dex/pkg/price/source.go:165.44,165.58 1 0
github.com/luxfi/dex/pkg/price/source.go:168.40,174.2 5 0
github.com/luxfi/dex/pkg/price/xchain.go:54.58,66.2 1 1
github.com/luxfi/dex/pkg/price/xchain.go:68.41,106.2 1 1
github.com/luxfi/dex/pkg/price/xchain.go:109.38,111.15 2 1
github.com/luxfi/dex/pkg/price/xchain.go:111.15,114.3 2 0
github.com/luxfi/dex/pkg/price/xchain.go:115.2,119.12 4 1
github.com/luxfi/dex/pkg/price/xchain.go:122.31,126.6 3 1
github.com/luxfi/dex/pkg/price/xchain.go:126.6,127.10 1 1
github.com/luxfi/dex/pkg/price/xchain.go:128.17,129.10 1 1
github.com/luxfi/dex/pkg/price/xchain.go:130.19,131.12 1 1
github.com/luxfi/dex/pkg/price/xchain.go:136.31,141.40 4 1
github.com/luxfi/dex/pkg/price/xchain.go:141.40,143.34 2 1
github.com/luxfi/dex/pkg/price/xchain.go:143.34,146.4 2 1
github.com/luxfi/dex/pkg/price/xchain.go:148.2,148.11 1 1
github.com/luxfi/dex/pkg/price/xchain.go:151.82,174.2 8 1
github.com/luxfi/dex/pkg/price/xchain.go:176.60,186.9 3 1
github.com/luxfi/dex/pkg/price/xchain.go:186.9,188.3 1 0
github.com/luxfi/dex/pkg/price/xchain.go:191.2,210.3 5 1
github.com/luxfi/dex/pkg/price/xchain.go:213.62,215.30 2 1
github.com/luxfi/dex/pkg/price/xchain.go:215.30,217.3 1 1
github.com/luxfi/dex/pkg/price/xchain.go:218.2,218.30 1 1
github.com/luxfi/dex/pkg/price/xchain.go:218.30,220.3 1 1
github.com/luxfi/dex/pkg/price/xchain.go:221.2,221.12 1 1
github.com/luxfi/dex/pkg/price/xchain.go:225.60,230.9 4 1
github.com/luxfi/dex/pkg/price/xchain.go:230.9,232.3 1 1
github.com/luxfi/dex/pkg/price/xchain.go:234.2,234.48 1 1
github.com/luxfi/dex/pkg/price/xchain.go:234.48,238.3 3 0
github.com/luxfi/dex/pkg/price/xchain.go:240.2,241.19 2 1
github.com/luxfi/dex/pkg/price/xchain.go:245.75,247.30 2 0
github.com/luxfi/dex/pkg/price/xchain.go:247.30,248.41 1 0
github.com/luxfi/dex/pkg/price/xchain.go:248.41,250.4 1 0
github.com/luxfi/dex/pkg/price/xchain.go:252.2,252.20 1 0
github.com/luxfi/dex/pkg/price/xchain.go:256.70,261.9 4 0
github.com/luxfi/dex/pkg/price/xchain.go:261.9,263.3 1 0
github.com/luxfi/dex/pkg/price/xchain.go:264.2,264.18 1 0
github.com/luxfi/dex/pkg/price/xchain.go:268.55,268.69 1 0
github.com/luxfi/dex/pkg/price/xchain.go:271.57,271.71 1 0
github.com/luxfi/dex/pkg/price/xchain.go:274.39,278.2 3 1
github.com/luxfi/dex/pkg/price/xchain.go:281.38,281.58 1 1
github.com/luxfi/dex/pkg/price/xchain.go:284.41,284.55 1 0
github.com/luxfi/dex/pkg/price/xchain.go:287.38,293.2 5 1
github.com/luxfi/dex/pkg/price/xchain.go:296.53,298.2 1 0
github.com/luxfi/dex/pkg/price/zoo.go:48.62,61.2 1 0
github.com/luxfi/dex/pkg/price/zoo.go:63.37,68.2 1 0
github.com/luxfi/dex/pkg/price/zoo.go:70.37,153.2 1 0
github.com/luxfi/dex/pkg/price/zoo.go:156.40,158.15 2 0
github.com/luxfi/dex/pkg/price/zoo.go:158.15,161.3 2 0
github.com/luxfi/dex/pkg/price/zoo.go:162.2,166.12 4 0
github.com/luxfi/dex/pkg/price/zoo.go:169.33,173.6 3 0
github.com/luxfi/dex/pkg/price/zoo.go:173.6,174.10 1 0
github.com/luxfi/dex/pkg/price/zoo.go:175.17,176.10 1 0
github.com/luxfi/dex/pkg/price/zoo.go:177.19,178.12 1 0
github.com/luxfi/dex/pkg/price/zoo.go:183.33,188.37 4 0
github.com/luxfi/dex/pkg/price/zoo.go:188.37,190.34 2 0
github.com/luxfi/dex/pkg/price/zoo.go:190.34,193.4 2 0
github.com/luxfi/dex/pkg/price/zoo.go:195.2,195.11 1 0
github.com/luxfi/dex/pkg/price/zoo.go:198.82,215.2 6 0
github.com/luxfi/dex/pkg/price/zoo.go:217.58,241.9 3 0
github.com/luxfi/dex/pkg/price/zoo.go:241.9,243.3 1 0
github.com/luxfi/dex/pkg/price/zoo.go:246.2,248.22 3 0
github.com/luxfi/dex/pkg/price/zoo.go:252.62,257.9 4 0
github.com/luxfi/dex/pkg/price/zoo.go:257.9,259.3 1 0
github.com/luxfi/dex/pkg/price/zoo.go:261.2,261.48 1 0
github.com/luxfi/dex/pkg/price/zoo.go:261.48,265.3 3 0
github.com/luxfi/dex/pkg/price/zoo.go:267.2,268.19 2 0
github.com/luxfi/dex/pkg/price/zoo.go:272.77,274.30 2 0
github.com/luxfi/dex/pkg/price/zoo.go:274.30,275.41 1 0
github.com/luxfi/dex/pkg/price/zoo.go:275.41,277.4 1 0
github.com/luxfi/dex/pkg/price/zoo.go:279.2,279.20 1 0
github.com/luxfi/dex/pkg/price/zoo.go:283.57,283.71 1 0
github.com/luxfi/dex/pkg/price/zoo.go:286.59,286.73 1 0
github.com/luxfi/dex/pkg/price/zoo.go:289.41,293.2 3 0
github.com/luxfi/dex/pkg/price/zoo.go:296.40,296.62 1 0
github.com/luxfi/dex/pkg/price/zoo.go:299.43,299.57 1 0
github.com/luxfi/dex/pkg/price/zoo.go:302.40,308.2 5 0
github.com/luxfi/dex/pkg/price/zoo.go:311.75,316.9 4 0
github.com/luxfi/dex/pkg/price/zoo.go:316.9,318.3 1 0
github.com/luxfi/dex/pkg/price/zoo.go:319.2,319.15 1 0
github.com/luxfi/dex/pkg/price/zoo.go:323.53,325.2 1 0
github.com/luxfi/dex/pkg/consensus/dag.go:22.30,24.2 1 1
github.com/luxfi/dex/pkg/consensus/dag.go:64.41,66.2 1 1
github.com/luxfi/dex/pkg/consensus/dag.go:69.36,71.2 1 1
github.com/luxfi/dex/pkg/consensus/dag.go:74.64,77.2 2 1
github.com/luxfi/dex/pkg/consensus/dag.go:80.68,84.2 3 1
github.com/luxfi/dex/pkg/consensus/dag.go:87.70,90.2 2 1
github.com/luxfi/dex/pkg/consensus/dag.go:93.73,95.54 1 1
github.com/luxfi/dex/pkg/consensus/dag.go:95.54,97.3 1 1
github.com/luxfi/dex/pkg/consensus/dag.go:98.2,98.13 1 1
github.com/luxfi/dex/pkg/consensus/dag.go:102.54,110.2 1 1
github.com/luxfi/dex/pkg/consensus/dag.go:113.37,115.16 2 1
github.com/luxfi/dex/pkg/consensus/dag.go:115.16,117.3 1 1
github.com/luxfi/dex/pkg/consensus/dag.go:118.2,121.11 4 1
github.com/luxfi/dex/pkg/consensus/dag.go:125.58,129.2 2 1
github.com/luxfi/dex/pkg/consensus/dag.go:132.51,134.2 1 1
github.com/luxfi/dex/pkg/consensus/dag.go:137.37,138.14 1 1
github.com/luxfi/dex/pkg/consensus/dag.go:138.14,140.3 1 1
github.com/luxfi/dex/pkg/consensus/dag.go:141.2,143.22 3 1
github.com/luxfi/dex/pkg/consensus/dag.go:143.22,145.3 1 1
github.com/luxfi/dex/pkg/consensus/dag.go:146.2,146.12 1 1
github.com/luxfi/dex/pkg/consensus/dag.go:150.73,151.14 1 1
github.com/luxfi/dex/pkg/consensus/dag.go:151.14,153.3 1 1
github.com/luxfi/dex/pkg/consensus/dag.go:154.2,156.40 3 1
github.com/luxfi/dex/pkg/consensus/dag.go:156.40,158.3 1 1
github.com/luxfi/dex/pkg/consensus/dag.go:161.2,162.29 2 1
github.com/luxfi/dex/pkg/consensus/dag.go:162.29,165.38 2 1
github.com/luxfi/dex/pkg/consensus/dag.go:165.38,166.18 1 1
github.com/luxfi/dex/pkg/consensus/dag.go:166.18,167.10 1 1
github.com/luxfi/dex/pkg/consensus/dag.go:169.4,170.11 2 1
github.com/luxfi/dex/pkg/consensus/dag.go:174.2,180.27 2 1
github.com/luxfi/dex/pkg/consensus/dag.go:180.27,182.3 1 1
github.com/luxfi/dex/pkg/consensus/dag.go:183.2,183.19 1 1
github.com/luxfi/dex/pkg/consensus/dag.go:187.45,188.14 1 1
github.com/luxfi/dex/pkg/consensus/dag.go:188.14,190.3 1 1
github.com/luxfi/dex/pkg/consensus/dag.go:191.2,193.27 3 1
github.com/luxfi/dex/pkg/consensus/dag.go:193.27,195.3 1 0
github.com/luxfi/dex/pkg/consensus/dag.go:196.2,197.15 2 1
github.com/luxfi/dex/pkg/consensus/dag.go:201.49,202.14 1 1
github.com/luxfi/dex/pkg/consensus/dag.go:202.14,204.3 1 1
github.com/luxfi/dex/pkg/consensus/dag.go:205.2,207.24 3 1
github.com/luxfi/dex/pkg/consensus/dag.go:207.24,209.3 1 0
github.com/luxfi/dex/pkg/consensus/dag.go:210.2,211.15 2 1
github.com/luxfi/dex/pkg/consensus/dag.go:215.68,216.14 1 1
github.com/luxfi/dex/pkg/consensus/dag.go:216.14,218.3 1 1
github.com/luxfi/dex/pkg/consensus/dag.go:219.2,221.27 3 1
github.com/luxfi/dex/pkg/consensus/dag.go:221.27,223.3 1 0
github.com/luxfi/dex/pkg/consensus/dag.go:224.2,225.13 2 1
github.com/luxfi/dex/pkg/consensus/dag.go:225.13,227.3 1 1
github.com/luxfi/dex/pkg/consensus/dag.go:228.2,228.46 1 1
github.com/luxfi/dex/pkg/consensus/dag.go:228.46,230.3 1 1
github.com/luxfi/dex/pkg/consensus/dag.go:231.2,231.19 1 0
github.com/luxfi/dex/pkg/consensus/dag.go:235.38,237.2 1 1
github.com/luxfi/dex/pkg/consensus/dag.go:240.38,242.2 1 1
github.com/luxfi/dex/pkg/consensus/dag.go:245.38,246.14 1 1
github.com/luxfi/dex/pkg/consensus/dag.go:246.14,248.3 1 1
github.com/luxfi/dex/pkg/consensus/dag.go:249.2,249.12 1 1
github.com/luxfi/dex/pkg/consensus/dag.go:253.47,254.14 1 1
github.com/luxfi/dex/pkg/consensus/dag.go:254.14,256.3 1 1
github.com/luxfi/dex/pkg/consensus/dag.go:257.2,259.27 3 1
github.com/luxfi/dex/pkg/consensus/dag.go:259.27,261.3 1 0
github.com/luxfi/dex/pkg/consensus/dag.go:263.2,268.12 2 1
github.com/luxfi/dex/pkg/consensus/dag.go:272.41,273.14 1 1
github.com/luxfi/dex/pkg/consensus/dag.go:273.14,275.3 1 1
github.com/luxfi/dex/pkg/consensus/dag.go:276.2,278.27 3 1
github.com/luxfi/dex/pkg/consensus/dag.go:278.27,280.3 1 0
github.com/luxfi/dex/pkg/consensus/dag.go:281.2,281.28 1 1
github.com/luxfi/dex/pkg/consensus/dag.go:285.45,286.14 1 1
github.com/luxfi/dex/pkg/consensus/dag.go:286.14,288.3 1 1
github.com/luxfi/dex/pkg/consensus/dag.go:289.2,291.24 3 1
github.com/luxfi/dex/pkg/consensus/dag.go:291.24,293.3 1 0
github.com/luxfi/dex/pkg/consensus/dag.go:294.2,294.25 1 1
github.com/luxfi/dex/pkg/consensus/dag.go:377.71,429.2 8 1
github.com/luxfi/dex/pkg/consensus/dag.go:432.74,435.2 1 1
github.com/luxfi/dex/pkg/consensus/dag.go:438.74,463.2 9 0
github.com/luxfi/dex/pkg/consensus/dag.go:466.77,495.64 9 1
github.com/luxfi/dex/pkg/consensus/dag.go:495.64,496.39 1 1
github.com/luxfi/dex/pkg/consensus/dag.go:496.39,498.4 1 1
github.com/luxfi/dex/pkg/consensus/dag.go:502.2,508.20 4 1
github.com/luxfi/dex/pkg/consensus/dag.go:512.47,516.6 3 1
github.com/luxfi/dex/pkg/consensus/dag.go:516.6,517.10 1 1
github.com/luxfi/dex/pkg/consensus/dag.go:518.19,521.41 2 0
github.com/luxfi/dex/pkg/consensus/dag.go:521.41,522.26 1 0
github.com/luxfi/dex/pkg/consensus/dag.go:522.26,525.6 2 0
github.com/luxfi/dex/pkg/consensus/dag.go:527.4,527.19 1 0
github.com/luxfi/dex/pkg/consensus/dag.go:528.23,529.14 1 1
github.com/luxfi/dex/pkg/consensus/dag.go:535.53,539.6 3 1
github.com/luxfi/dex/pkg/consensus/dag.go:539.6,540.10 1 1
github.com/luxfi/dex/pkg/consensus/dag.go:541.19,544.30 3 1
github.com/luxfi/dex/pkg/consensus/dag.go:545.23,546.14 1 1
github.com/luxfi/dex/pkg/consensus/dag.go:552.58,558.20 4 1
github.com/luxfi/dex/pkg/consensus/dag.go:558.20,560.3 1 0
github.com/luxfi/dex/pkg/consensus/dag.go:561.2,565.39 2 1
github.com/luxfi/dex/pkg/consensus/dag.go:565.39,566.48 1 1
github.com/luxfi/dex/pkg/consensus/dag.go:566.48,568.4 1 1
github.com/luxfi/dex/pkg/consensus/dag.go:571.2,571.12 1 1
github.com/luxfi/dex/pkg/consensus/dag.go:575.51,578.2 2 1
github.com/luxfi/dex/pkg/consensus/dag.go:581.52,585.35 3 1
github.com/luxfi/dex/pkg/consensus/dag.go:585.35,586.25 1 1
github.com/luxfi/dex/pkg/consensus/dag.go:586.25,588.4 1 1
github.com/luxfi/dex/pkg/consensus/dag.go:593.53,594.6 1 1
github.com/luxfi/dex/pkg/consensus/dag.go:594.6,595.10 1 1
github.com/luxfi/dex/pkg/consensus/dag.go:596.23,597.14 1 1
github.com/luxfi/dex/pkg/consensus/dag.go:598.50,600.53 2 1
github.com/luxfi/dex/pkg/consensus/dag.go:600.53,602.5 1 0
github.com/luxfi/dex/pkg/consensus/dag.go:608.73,617.2 6 1
github.com/luxfi/dex/pkg/consensus/dag.go:620.76,622.2 1 1
github.com/luxfi/dex/pkg/consensus/dag.go:625.112,637.2 3 1
github.com/luxfi/dex/pkg/consensus/dag.go:640.82,647.2 6 1
github.com/luxfi/dex/pkg/consensus/dag.go:650.109,651.17 1 1
github.com/luxfi/dex/pkg/consensus/dag.go:651.17,653.3 1 1
github.com/luxfi/dex/pkg/consensus/dag.go:654.2,654.32 1 1
github.com/luxfi/dex/pkg/consensus/dag.go:654.32,656.3 1 1
github.com/luxfi/dex/pkg/consensus/dag.go:657.2,657.49 1 1
github.com/luxfi/dex/pkg/consensus/dag.go:657.49,659.3 1 1
github.com/luxfi/dex/pkg/consensus/dag.go:660.2,660.12 1 1
github.com/luxfi/dex/pkg/consensus/dag.go:664.102,669.69 3 1
github.com/luxfi/dex/pkg/consensus/dag.go:669.69,671.3 1 1
github.com/luxfi/dex/pkg/consensus/dag.go:674.2,684.12 4 1
github.com/luxfi/dex/pkg/consensus/dag.go:688.57,693.31 3 1
github.com/luxfi/dex/pkg/consensus/dag.go:693.31,694.62 1 1
github.com/luxfi/dex/pkg/consensus/dag.go:694.62,696.4 1 1
github.com/luxfi/dex/pkg/consensus/dag.go:701.60,712.2 3 0
github.com/luxfi/dex/pkg/consensus/dag.go:715.63,733.2 3 1
github.com/luxfi/dex/pkg/consensus/dag.go:736.37,738.2 1 0
github.com/luxfi/dex/pkg/consensus/dag.go:741.40,743.2 1 1
